{"name":"fb54106f-0ac0-4c64-9403-7b3e0f6e612d","id":"/providers/Microsoft.Flow/flows/fb54106f-0ac0-4c64-9403-7b3e0f6e612d","type":"Microsoft.Flow/flows","properties":{"apiId":"/providers/Microsoft.PowerApps/apis/shared_logicflows","displayName":"Jira Tracking","definition":{"metadata":{"workflowEntityId":null,"processAdvisorMetadata":null,"flowChargedByPaygo":null,"flowclientsuspensionreason":"None","flowclientsuspensiontime":null,"flowclientsuspensionreasondetails":null,"creator":{"id":"515ab4e7-6179-47a9-8e25-78de835f7740","type":"User","tenantId":"143a5e19-140b-4632-b3ea-e71a15cddb8c"},"provisioningMethod":"FromDefinition","failureAlertSubscription":true,"clientLastModifiedTime":"2025-02-28T15:23:23.3091334Z","connectionKeySavedTimeKey":"2025-02-28T15:23:23.3091334Z","creationSource":null},"$schema":"https://schema.management.azure.com/providers/Microsoft.Logic/schemas/2016-06-01/workflowdefinition.json#","contentVersion":"undefined","parameters":{"$connections":{"defaultValue":{},"type":"Object"},"$authentication":{"defaultValue":{},"type":"SecureObject"}},"triggers":{"manual":{"metadata":{"operationMetadataId":"ad341ebc-8258-40d8-8aba-2ba699da82e1"},"type":"Request","kind":"Button","inputs":{"schema":{"type":"object","properties":{},"required":[]}}}},"actions":{"HTTP":{"runAfter":{},"metadata":{"operationMetadataId":"30c19d47-dbbf-4933-9d0f-7e743a453115"},"type":"Http","inputs":{"method":"GET","uri":"https://ingenicoservices.atlassian.net/rest/api/3/search?jql=project=AIO%20AND%20status%20NOT%20IN%20(Resolved)%20AND%20component%20=%20%22Workstation%20-%20Enable%20USB%20Port%22&fields=summary,status,description,key,customfield_10064,components,reporter,currentStatus,comments","headers":{"Authorization":"Bearer <ATATT3xFfGF0m2a19RZYSbO0RjmTsfQV0QhRTjT3UWmEpyRHs78xy_E_ZmpO1e8LdbxbPpmVwsvpj4evHUd9dQ9FjyNaiXMlxlfnhC1WEnec0dTrMdSoeAahjc1pTwcpZd9QoGsJJKPKsJemf4nI3j_7ZKAJq673BoOGONq3ZZw3zW_UPWeD_Fc=258B8706>","Content-Type":"application/json"},"authentication":{"type":"Basic","username":"gweaw.saw@ingenico.com","password":"ATATT3xFfGF0m2a19RZYSbO0RjmTsfQV0QhRTjT3UWmEpyRHs78xy_E_ZmpO1e8LdbxbPpmVwsvpj4evHUd9dQ9FjyNaiXMlxlfnhC1WEnec0dTrMdSoeAahjc1pTwcpZd9QoGsJJKPKsJemf4nI3j_7ZKAJq673BoOGONq3ZZw3zW_UPWeD_Fc=258B8706"}},"runtimeConfiguration":{"contentTransfer":{"transferMode":"Chunked"}}},"Parse_JSON":{"runAfter":{"HTTP":["Succeeded"]},"metadata":{"operationMetadataId":"4cf8f3ce-d71e-482e-8127-356121a17283"},"type":"ParseJson","inputs":{"content":"@body('HTTP')","schema":{"type":"object","properties":{"issues":{"type":"array","items":{"type":"object","properties":{"key":{"type":"string"},"fields":{"type":"object","properties":{"summary":{"type":["string","null"]},"description":{"type":["object","null"]},"status":{"type":"object","properties":{"name":{"type":["string","null"]}}},"reporter":{"type":"object","properties":{"displayName":{"type":["string","null"]}}},"customfield_10064":{"type":["object","null"]},"approvers":{"type":"array","items":{"type":"object","properties":{"displayName":{"type":["string","null"]}}}},"components":{"type":"array","items":{"type":"object","properties":{"name":{"type":["string","null"]}}}},"comment":{"type":"object","properties":{"comments":{"type":"array","items":{"type":"object","properties":{"id":{"type":"string"},"body":{"type":"string"},"created":{"type":"string","format":"date-time"},"updated":{"type":"string","format":"date-time"},"author":{"type":"object","properties":{"displayName":{"type":"string"},"emailAddress":{"type":"string"}}}}}}}}}}}}}}}}},"Apply_to_each_of_Issue_(enable_usb_port_request)":{"foreach":"@body('Parse_JSON')?['issues']","actions":{"Compose-Key":{"runAfter":{},"metadata":{"operationMetadataId":"6094854b-6c9e-43f3-8ead-8159d20ad0f6"},"type":"Compose","inputs":"@items('Apply_to_each_of_Issue_(enable_usb_port_request)')?['key']"},"Compose-Summary":{"runAfter":{"Compose-Component":["Succeeded"]},"metadata":{"operationMetadataId":"f7da0951-8d89-4028-9911-e006b4b223fb"},"type":"Compose","inputs":"@items('Apply_to_each_of_Issue_(enable_usb_port_request)')?['fields']?['summary']"},"Compose-Reporter":{"runAfter":{"Compose-Country":["Succeeded"]},"metadata":{"operationMetadataId":"d7370275-7541-4b9a-947f-1e109e271438"},"type":"Compose","inputs":"@items('Apply_to_each_of_Issue_(enable_usb_port_request)')?['fields']?['reporter']?['emailAddress']"},"Compose-Status":{"runAfter":{"Compose-Display_the_Full_description_in_a_readable_format":["Succeeded"]},"metadata":{"operationMetadataId":"5a6714c4-f472-4b47-998d-817a2368755a"},"type":"Compose","inputs":"@items('Apply_to_each_of_Issue_(enable_usb_port_request)')?['fields']?['status']?['name']"},"Compose-Description":{"runAfter":{"Compose-Reporter":["Succeeded"]},"metadata":{"operationMetadataId":"3cb80410-d271-40b1-9407-7d78ab863ffc"},"type":"Compose","inputs":"@items('Apply_to_each_of_Issue_(enable_usb_port_request)')?['fields']?['description']"},"Apply_to_each_(description)":{"foreach":"@outputs('Compose-Description')?['content']","actions":{"Append_to_string_variable":{"runAfter":{"Compose-ApplyToEach":["Succeeded"]},"metadata":{"operationMetadataId":"d1c3b7d0-e6a4-4fa3-b604-6760ef7cb0ac"},"type":"AppendToStringVariable","inputs":{"name":"DescriptionText","value":"@outputs('Compose-ApplyToEach')"}},"Compose-ApplyToEach":{"runAfter":{},"metadata":{"operationMetadataId":"7525f50f-30ec-4db0-82c6-ca22426e6fac"},"type":"Compose","inputs":"@items('Apply_to_each_(description)')?['content'][0]?['text']\r\n"}},"runAfter":{"Compose-Description":["Succeeded"]},"metadata":{"operationMetadataId":"6fb3695a-7193-4195-8b36-637a59c43817"},"type":"Foreach"},"Compose-Display_the_Full_description_in_a_readable_format":{"runAfter":{"Apply_to_each_(description)":["Succeeded"]},"metadata":{"operationMetadataId":"6c35e9e9-d565-45ea-a0a4-29f98eda9fb9"},"type":"Compose","inputs":"@variables('DescriptionText')"},"Compose-Country":{"runAfter":{"Compose-Summary":["Succeeded"]},"metadata":{"operationMetadataId":"26f977c4-3bff-4e28-9fb5-f6b27aaf6530"},"type":"Compose","inputs":"@items('Apply_to_each_of_Issue_(enable_usb_port_request)')?['fields']?['customfield_10064']?['value']\r\n"},"List_rows_present_in_a_table":{"runAfter":{"Compose-Status":["Succeeded"]},"metadata":{"012KDMYHYPTRXWJISKHNHZMUMQ4Z3XLWVY":"/General/Jira/Jira_AIO_Tracking.xlsx","operationMetadataId":"0780845b-b0f9-42fc-b75c-9293524d318f","tableId":"{D97C5B75-EBF2-4B7B-89B0-C4409FBE9B24}"},"type":"OpenApiConnection","inputs":{"host":{"apiId":"/providers/Microsoft.PowerApps/apis/shared_excelonlinebusiness","connectionName":"shared_excelonlinebusiness","operationId":"GetItems"},"parameters":{"source":"groups/2cfbd77e-1350-4cd3-af40-ed9d550ef950","drive":"b!OwlLNPYKw0-hUDUTPbSJDHNHrFKzFVNBmaSfqXO64xdYqw1z9knzQYSyTlofCuuv","file":"012KDMYHYPTRXWJISKHNHZMUMQ4Z3XLWVY","table":"{D97C5B75-EBF2-4B7B-89B0-C4409FBE9B24}","$filter":"Ticket eq '@{items('Apply_to_each_of_Issue_(enable_usb_port_request)')?['key']}'"},"authentication":{"value":"@json(decodeBase64(triggerOutputs().headers['X-MS-APIM-Tokens']))['$ConnectionKey']","type":"Raw"}}},"Condition":{"actions":{},"runAfter":{"List_rows_present_in_a_table":["Succeeded"]},"else":{"actions":{"Add_a_row_into_a_table":{"runAfter":{},"metadata":{"012KDMYHYPTRXWJISKHNHZMUMQ4Z3XLWVY":"/General/Jira/Jira_AIO_Tracking.xlsx","operationMetadataId":"837ddf0e-553c-4866-8dcf-2d06c6220c5c","tableId":"{D97C5B75-EBF2-4B7B-89B0-C4409FBE9B24}"},"type":"OpenApiConnection","inputs":{"host":{"apiId":"/providers/Microsoft.PowerApps/apis/shared_excelonlinebusiness","connectionName":"shared_excelonlinebusiness","operationId":"AddRowV2"},"parameters":{"source":"groups/2cfbd77e-1350-4cd3-af40-ed9d550ef950","drive":"b!OwlLNPYKw0-hUDUTPbSJDHNHrFKzFVNBmaSfqXO64xdYqw1z9knzQYSyTlofCuuv","file":"012KDMYHYPTRXWJISKHNHZMUMQ4Z3XLWVY","table":"{D97C5B75-EBF2-4B7B-89B0-C4409FBE9B24}","item/Ticket":"@items('Apply_to_each_of_Issue_(enable_usb_port_request)')?['key']","item/Summary":"@outputs('Compose-Summary')","item/Full Description":"@outputs('Compose-Display_the_Full_description_in_a_readable_format')","item/Country":"@outputs('Compose-Country')","item/Status":"@outputs('Compose-Status')","item/Reporter":"@outputs('Compose-Reporter')","item/Component":"@outputs('Compose-Component')"},"authentication":{"value":"@json(decodeBase64(triggerOutputs().headers['X-MS-APIM-Tokens']))['$ConnectionKey']","type":"Raw"}}}}},"expression":{"equals":["@length(outputs('List_rows_present_in_a_table')?['body/value'])",0]},"metadata":{"operationMetadataId":"c0d304d1-3b82-4ea0-bef5-ed6633c81530"},"type":"If"},"Compose-Component":{"runAfter":{"Compose-Key":["Succeeded"]},"metadata":{"operationMetadataId":"5a6714c4-f472-4b47-998d-817a2368755a"},"type":"Compose","inputs":"@first(items('Apply_to_each_of_Issue_(enable_usb_port_request)')?['fields']?['components'])?['name']"}},"runAfter":{"Initialize_variable_PreviousComponents":["Succeeded"]},"metadata":{"operationMetadataId":"54b612f3-6cef-4719-8361-0510a68243b9"},"type":"Foreach"},"Initialize_variable_VarFlowRequestorName":{"runAfter":{"Parse_JSON":["Succeeded"]},"metadata":{"operationMetadataId":"163c9aae-fb31-4636-b478-a1b52dd6fa01"},"type":"InitializeVariable","inputs":{"variables":[{"name":"VarFlowRequestorName","type":"string","value":"PAB.Admin@ingenico.com"}]}},"Initialize_variable_DescriptionText":{"runAfter":{"Initialize_variable_VarFlowRequestorName":["Succeeded"]},"metadata":{"operationMetadataId":"b0e903c0-2214-4255-a5bf-a0e3166235e2"},"type":"InitializeVariable","inputs":{"variables":[{"name":"DescriptionText","type":"string"}]}},"Initialize_variable_PreviousComponents":{"runAfter":{"Initialize_variable_DescriptionText":["Succeeded"]},"metadata":{"operationMetadataId":"67aa6531-86e3-4c4f-a51f-01d8ca088b85"},"type":"InitializeVariable","inputs":{"variables":[{"name":"PreviousComponents","type":"string"}]}}}},"connectionReferences":{"shared_excelonlinebusiness":{"connectionName":"shared-excelonlinebu-753a62b9-de96-4827-beee-3c9e98dbed10","source":"Invoker","id":"/providers/Microsoft.PowerApps/apis/shared_excelonlinebusiness","tier":"NotSpecified","apiName":"excelonlinebusiness"}},"flowFailureAlertSubscribed":false,"isManaged":false}}