{"schemaVersion":"1.0","appDefinitionTemplate":{"id":"/providers/Microsoft.PowerApps/apps/","type":"Microsoft.PowerApps/apps","tags":{"primaryDeviceWidth":"640","primaryDeviceHeight":"1136","supportsPortrait":"true","supportsLandscape":"true","primaryFormFactor":"Phone","showStatusBar":"false","publisherVersion":"3.24112.13","minimumRequiredApiVersion":"2.2.0","hasComponent":"false","hasUnlockedComponent":"false","isUnifiedRootApp":"false","sienaVersion":"20241209T084900Z-3.24112.13.0"},"properties":{"appVersion":"2024-12-09T08:49:00Z","lifeCycleId":"Published","createdByClientVersion":{"major":3,"minor":24112,"build":13,"revision":0,"majorRevision":0,"minorRevision":0},"minClientVersion":{"major":3,"minor":24112,"build":13,"revision":0,"majorRevision":0,"minorRevision":0},"backgroundColor":"RGBA(0,176,240,1)","backgroundImageUri":"/6189852597436267716/N3d2d0e57-eb55-499d-92f9-1657addcf380-logoSmallFile","displayName":"EmployeeChecklist","description":"","commitMessage":"","appUris":{"documentUri":{"value":"/6189852597436267716/N679dc635-42e6-4dad-9412-5ac6dcc519a1-document.msapp"},"imageUris":[],"additionalUris":[{"isSolutionAware":false,"value":"/6189852597436267716/N5ba6787a-1da9-4557-9dbe-011b73be996d-identity.json"}]},"createdTime":"0001-01-01T00:00:00Z","lastModifiedTime":"0001-01-01T00:00:00Z","sharedGroupsCount":0,"sharedUsersCount":0,"connectionReferences":{"dfcc01ef-0859-41f3-bf04-3a12d7ec7029":{"id":"984ee24f-b7c5-4797-a6bf-ea693bd2210d","displayName":"SharePoint","iconUri":"https://connectoricons-prod.azureedge.net/u/jayawan/releases/v1.0.1697/1.0.1697.3786/sharepointonline/icon.png","dataSources":["Employee Exit Checklist"],"dependencies":[],"dependents":[],"parameterHints":{},"parameterHintsV2":{},"isOnPremiseConnection":false,"bypassConsent":false,"dataSets":{"https://ingenicogroup.sharepoint.com/sites/SingaporeITTeam":{"dataSources":{"Employee Exit Checklist":{"tableName":"f17ff3af-d51f-4243-af78-cbc13566ee18"}}}},"apiTier":"Standard","isCustomApiConnection":false,"actions":["providers/PowerPlatform.Governance/Operations/Read","providers/PowerPlatform.Governance/Operations/Write","providers/PowerPlatform.Governance/Operations/Delete"]}},"databaseReferences":{},"almMode":"Environment","performanceOptimizationEnabled":false,"canConsumeAppPass":false,"enableModernRuntimeMode":false,"executionRestrictions":{"isTeamsOnly":false,"dataLossPreventionEvaluationResult":{"status":"Compliant","lastEvaluationDate":"2024-12-09T08:49:05.0917803Z","violations":[],"violationsByPolicy":[],"violationErrorMessage":"The app uses the following connectors: shared_sharepointonline."}}},"appType":"ClassicCanvasApp","appComponents":[]}}