{"schemaVersion":"1.0","appDefinitionTemplate":{"id":"/providers/Microsoft.PowerApps/apps/","type":"Microsoft.PowerApps/apps","tags":{"primaryDeviceWidth":"640","primaryDeviceHeight":"1136","supportsPortrait":"true","supportsLandscape":"false","primaryFormFactor":"Phone","publisherVersion":"3.23072.22","minimumRequiredApiVersion":"2.2.0","hasComponent":"true","hasUnlockedComponent":"true","isUnifiedRootApp":"false","sienaVersion":"20230724T064020Z-3.23072.22.0"},"properties":{"appVersion":"2023-07-24T06:40:20Z","lifeCycleId":"Published","createdByClientVersion":{"major":3,"minor":23072,"build":22,"revision":0,"majorRevision":0,"minorRevision":0},"minClientVersion":{"major":3,"minor":23072,"build":22,"revision":0,"majorRevision":0,"minorRevision":0},"backgroundColor":"rgba(102, 182, 227, 1)","backgroundImageUri":"/4810837389058295030/Nc4b80795-6fde-4927-95e5-237f3d8d4cbd-logoSmallFile","displayName":"HotDesk - INGENICO","description":"changes:\ntest image for other user view","commitMessage":"","appUris":{"documentUri":{"value":"/4810837389058295030/N2953ef1a-625b-4fdf-ab71-071da96ff243-document.msapp"},"imageUris":[],"additionalUris":[]},"createdTime":"0001-01-01T00:00:00Z","lastModifiedTime":"0001-01-01T00:00:00Z","sharedGroupsCount":0,"sharedUsersCount":0,"connectionReferences":{"64852b16-4509-4d34-be4c-adfa1f496b3a":{"id":"15fc66f8-5930-46d4-b14c-66ee33ca1552","displayName":"Office 365 Users","iconUri":"https://connectoricons-prod.azureedge.net/releases/v1.0.1644/1.0.1644.3342/office365users/icon.png","dataSources":["Office365Users"],"dependencies":[],"dependents":[],"parameterHints":{},"parameterHintsV2":{},"isOnPremiseConnection":false,"bypassConsent":false,"dataSets":{},"apiTier":"Standard","isCustomApiConnection":false},"e5eff9ec-6f69-46c2-890d-4ffc78a997a5":{"id":"984ee24f-b7c5-4797-a6bf-ea693bd2210d","displayName":"SharePoint","iconUri":"https://connectoricons-prod.azureedge.net/u/shgogna/globalperconnector-train1/1.0.1639.3312/sharepointonline/icon.png","dataSources":["Desk Reservations","Desks","Desk Admin"],"dependencies":[],"dependents":[],"parameterHints":{},"parameterHintsV2":{},"isOnPremiseConnection":false,"bypassConsent":false,"dataSets":{"https://ingenicogroup.sharepoint.com/sites/DeskReservation":{"dataSources":{"Desk Reservations":{"tableName":"0052d15f-4c00-4547-8785-2b1fa7cf9f73"},"Desks":{"tableName":"ac02910f-7f07-4983-8784-f564c66accaf"},"Desk Admin":{"tableName":"cb34e015-5403-4866-8b1a-32c516408d8b"}}}},"apiTier":"Standard","isCustomApiConnection":false,"actions":["providers/PowerPlatform.Governance/Operations/Read","providers/PowerPlatform.Governance/Operations/Write","providers/PowerPlatform.Governance/Operations/Delete"]},"38786294-1dff-4d5b-b075-1fd15e77cf06":{"id":"d7cb7c75-9f46-491c-a44d-84b8bc4d8b6d","displayName":"Office 365 Outlook","iconUri":"https://connectoricons-prod.azureedge.net/u/laborbol/partial-builds/390724148/1.0.1641.3327/office365/icon.png","dataSources":["Office365Outlook"],"dependencies":[],"dependents":[],"parameterHints":{},"parameterHintsV2":{},"isOnPremiseConnection":false,"bypassConsent":false,"dataSets":{},"apiTier":"Standard","isCustomApiConnection":false},"9f19d1bf-c923-45b0-b4fe-8ed6ca14c885":{"id":"4986e255-3b0a-4b33-b214-dc64722af345","displayName":"Office 365 Groups","iconUri":"https://connectoricons-prod.azureedge.net/u/laborbol/partial-builds/390724148/1.0.1641.3327/office365groups/icon.png","dataSources":["Office365Groups"],"dependencies":[],"dependents":[],"parameterHints":{},"parameterHintsV2":{},"isOnPremiseConnection":false,"bypassConsent":false,"dataSets":{},"apiTier":"Standard","isCustomApiConnection":false}},"databaseReferences":{},"almMode":"Environment","performanceOptimizationEnabled":true,"canConsumeAppPass":true,"enableModernRuntimeMode":false,"executionRestrictions":{"isTeamsOnly":false,"dataLossPreventionEvaluationResult":{"status":"Compliant","lastEvaluationDate":"2022-10-20T10:08:27.3194768Z","violations":[],"violationsByPolicy":[],"violationErrorMessage":"The app uses the following connectors: shared_office365users, shared_sharepointonline."}}},"appType":"ClassicCanvasApp","appComponents":[]}}