{"name":"bf1905a0-3cd9-4eda-a557-7901845f2dff","id":"/providers/Microsoft.Flow/flows/bf1905a0-3cd9-4eda-a557-7901845f2dff","type":"Microsoft.Flow/flows","properties":{"apiId":"/providers/Microsoft.PowerApps/apis/shared_logicflows","displayName":"WiFi Guest Flow2","definition":{"metadata":{"workflowEntityId":null,"processAdvisorMetadata":null,"flowChargedByPaygo":null,"flowclientsuspensionreason":"None","flowclientsuspensiontime":null,"flowclientsuspensionreasondetails":null,"creator":{"id":"515ab4e7-6179-47a9-8e25-78de835f7740","type":"User","tenantId":"143a5e19-140b-4632-b3ea-e71a15cddb8c"},"provisioningMethod":"FromDefinition","failureAlertSubscription":true,"clientLastModifiedTime":"2024-02-01T17:22:00.5288038Z","connectionKeySavedTimeKey":"2025-02-06T04:01:02.5959899Z"},"$schema":"https://schema.management.azure.com/providers/Microsoft.Logic/schemas/2016-06-01/workflowdefinition.json#","contentVersion":"1.0.0.0","parameters":{"$connections":{"defaultValue":{},"type":"Object"},"$authentication":{"defaultValue":{},"type":"SecureObject"}},"triggers":{"When_an_item_is_created":{"recurrence":{"frequency":"Minute","interval":1},"splitOn":"@triggerOutputs()?['body/value']","metadata":{"operationMetadataId":"a002e2ac-b3c7-4d0f-8d57-fbb63fc68629"},"type":"OpenApiConnection","inputs":{"host":{"apiId":"/providers/Microsoft.PowerApps/apis/shared_sharepointonline","connectionName":"shared_sharepointonline","operationId":"GetOnNewItems"},"parameters":{"dataset":"https://ingenicogroup.sharepoint.com/sites/SingaporeITTeam","table":"d22b2f3e-bb72-44c7-a87f-5b404fadfdc1"},"authentication":"@parameters('$authentication')"}}},"actions":{"Get_file_content_using_path_logo":{"runAfter":{"Update_item":["Succeeded"]},"metadata":{"operationMetadataId":"9543c530-a834-466d-8438-fa927e0c417f"},"type":"OpenApiConnection","inputs":{"host":{"apiId":"/providers/Microsoft.PowerApps/apis/shared_sharepointonline","connectionName":"shared_sharepointonline","operationId":"GetFileContentByPath"},"parameters":{"dataset":"https://ingenicogroup.sharepoint.com/sites/SingaporeITTeam","path":"/Documents partages/General/Wifi Guest Flow/logo.png","inferContentType":true},"authentication":"@parameters('$authentication')"}},"Compose_logo":{"runAfter":{"Get_file_content_using_path_footer":["Succeeded"]},"metadata":{"operationMetadataId":"7493a671-367a-40d3-aff6-b7861d29beae"},"type":"Compose","inputs":"@dataUri(outputs('Get_file_content_using_path_logo')?['body'])"},"Get_file_content_using_path_footer":{"runAfter":{"Get_file_content_using_path_logo":["Succeeded"]},"metadata":{"operationMetadataId":"7c80cdb1-9cc2-43c8-bd2d-2bccd46eb6bb"},"type":"OpenApiConnection","inputs":{"host":{"apiId":"/providers/Microsoft.PowerApps/apis/shared_sharepointonline","connectionName":"shared_sharepointonline","operationId":"GetFileContentByPath"},"parameters":{"dataset":"https://ingenicogroup.sharepoint.com/sites/SingaporeITTeam","path":"/Documents partages/General/Wifi Guest Flow/footer.png","inferContentType":true},"authentication":"@parameters('$authentication')"}},"Compose_footer":{"runAfter":{"Compose_logo":["Succeeded"]},"metadata":{"operationMetadataId":"7493a671-367a-40d3-aff6-b7861d29beae"},"type":"Compose","inputs":"@datauri(outputs('Get_file_content_using_path_footer')?['body'])"},"Initialize_variable_-BCC_external_email":{"runAfter":{"Compose_footer":["Succeeded"]},"metadata":{"operationMetadataId":"6a8b2dbe-19e3-49e8-b6f2-19ad86e1af63"},"type":"InitializeVariable","inputs":{"variables":[{"name":"CC email","type":"string","value":"@triggerOutputs()?['body/GuestName']"}]}},"Get_items_-_password":{"runAfter":{"Get_item_Password":["Succeeded"]},"metadata":{"operationMetadataId":"7ea6d1ee-8029-4bea-aa0e-16dfe38058ab"},"type":"OpenApiConnection","inputs":{"host":{"apiId":"/providers/Microsoft.PowerApps/apis/shared_sharepointonline","connectionName":"shared_sharepointonline_1","operationId":"GetItems"},"parameters":{"dataset":"https://ingenicogroup.sharepoint.com/sites/SingaporeITTeam","table":"4ad87960-b363-4b9a-bdb7-d5e5f7f8b3d5","$filter":"EndDate ge '@{startOfMonth(utcNow())}' and EndDate lt '@{body('Add_to_time')}'"},"authentication":"@parameters('$authentication')"}},"Condition_2":{"actions":{"Apply_to_each":{"foreach":"@outputs('Get_items_-_password')?['body/value']","actions":{"Send_an_HTTP_request_to_SharePoint":{"runAfter":{},"metadata":{"operationMetadataId":"0fc50082-52f1-478f-b2fd-3daad8662494"},"type":"OpenApiConnection","inputs":{"host":{"apiId":"/providers/Microsoft.PowerApps/apis/shared_sharepointonline","connectionName":"shared_sharepointonline_1","operationId":"HttpRequest"},"parameters":{"dataset":"https://ingenicogroup.sharepoint.com/sites/SingaporeITTeam","parameters/method":"GET","parameters/uri":"/_api/web/lists/GetbyTitle('WiFi%20Guest%20Password')/items(@{items('Apply_to_each')?['ID']})/QRimg_x002d_ext"},"authentication":"@parameters('$authentication')"}},"Parse_JSON_-_output_from_HTTP_-_QRimg-ext":{"runAfter":{"Send_an_HTTP_request_to_SharePoint":["Succeeded"]},"metadata":{"operationMetadataId":"a014c3d6-264d-47d6-ab6d-1436e8057a51"},"type":"ParseJson","inputs":{"content":"@body('Send_an_HTTP_request_to_SharePoint')","schema":{"type":"object","properties":{"d":{"type":"object","properties":{"QRimg_x002d_ext":{"type":"string"}}}}}}},"Compose":{"runAfter":{"Parse_JSON_-_output_from_HTTP_-_QRimg-ext":["Succeeded"]},"metadata":{"operationMetadataId":"99b7c693-c7b6-4019-8052-90e407e060e4"},"type":"Compose","inputs":"@body('Parse_JSON_-_output_from_HTTP_-_QRimg-ext')?['d']?['QRimg_x002d_ext']"},"Parse_JSON_-output_from_Compose_statement":{"runAfter":{"Compose":["Succeeded"]},"metadata":{"operationMetadataId":"67227159-391e-4b22-abe7-8c3c6bec1a73"},"type":"ParseJson","inputs":{"content":"@body('Parse_JSON_-_output_from_HTTP_-_QRimg-ext')?['d']?['QRimg_x002d_ext']","schema":{"type":"object","properties":{"type":{"type":"string"},"fileName":{"type":"string"},"nativeFile":{"type":"object","properties":{}},"fieldName":{"type":"string"},"serverUrl":{"type":"string"},"fieldId":{"type":"string"},"serverRelativeUrl":{"type":"string"},"id":{"type":"string"}}}}},"Get_file_content":{"runAfter":{"Parse_JSON_-output_from_Compose_statement":["Succeeded"]},"metadata":{"operationMetadataId":"310de4fb-2fc7-4b47-814c-0d13e4240822"},"type":"OpenApiConnection","inputs":{"host":{"apiId":"/providers/Microsoft.PowerApps/apis/shared_sharepointonline","connectionName":"shared_sharepointonline_1","operationId":"GetFileContent"},"parameters":{"dataset":"https://ingenicogroup.sharepoint.com/sites/SingaporeITTeam","id":"@encodeUriComponent(replace(body('Parse_JSON_-output_from_Compose_statement')?['serverRelativeUrl'],'/sites/SingaporeITTeam',''))","inferContentType":true},"authentication":"@parameters('$authentication')"}},"Compose_QR-external_2":{"runAfter":{"Get_file_content":["Succeeded"]},"metadata":{"operationMetadataId":"7493a671-367a-40d3-aff6-b7861d29beae"},"type":"Compose","inputs":"@dataUri(outputs('Get_file_content')?['body'])"},"Condition":{"actions":{"Send_an_email_notification_(V3)_-external_guest_(no-_@_and_BCC_mail_)":{"runAfter":{},"metadata":{"operationMetadataId":"ecc4d466-46ae-4089-a540-fdadbcb61e9b"},"type":"OpenApiConnection","inputs":{"host":{"apiId":"/providers/Microsoft.PowerApps/apis/shared_sendmail","connectionName":"shared_sendmail","operationId":"SendEmailV3"},"parameters":{"request/to":"@{triggerOutputs()?['body/SponsorEmail/Email']};","request/subject":"WiFi password for External guest","request/text":"<p>Deal Colleague<br>\n<br>\n<br>\n<img src=\"@{outputs('Compose_logo')}\" alt=\"logo\"></img>\n\n<br> <br><br>\n<strong> Scan the QR</strong><br>\nIngenico External Guest \n<br>\n<img src=\"@{outputs('Compose_QR-external_2')}\" alt=QRimg-ext\"  width=\"200\" height=\"200\" > </img>\n<br><br>\npassword: @{items('Apply_to_each')?['Password_x002d_external']}\n<br><br><br>\n\n\n<br>\n\nIf you have any concerns or questions, please don’t hesitate to contact us. @ https://helpdeskservices.ingenico.com/servicedesk/customer/portal/57/group/2619 <br>\n<br>\n<br>\n<img src=\"@{outputs('Compose_footer')}\" alt=\"footer\"> </img><br>\n<br>\n</p>"},"authentication":"@parameters('$authentication')"}}},"runAfter":{"Compose_QR-external_2":["Succeeded"]},"else":{"actions":{"Send_an_email_notification_(V3)_-external_guest_(_with_@_BCC_mail)":{"runAfter":{},"metadata":{"operationMetadataId":"ecc4d466-46ae-4089-a540-fdadbcb61e9b"},"type":"OpenApiConnection","inputs":{"host":{"apiId":"/providers/Microsoft.PowerApps/apis/shared_sendmail","connectionName":"shared_sendmail","operationId":"SendEmailV3"},"parameters":{"request/to":"@{triggerOutputs()?['body/SponsorEmail/Email']};","request/subject":"WiFi password for External guest","request/text":"<p>Deal Colleague<br>\n<br>\n<br>\n<img src=\"@{outputs('Compose_logo')}\" alt=\"logo\"></img>\n\n<br> <br><br>\n<strong> Scan the QR</strong><br>\nIngenico External Guest \n<br>\n<img src=\"@{outputs('Compose_QR-external_2')}\" alt=QRimg-ext\"  width=\"200\" height=\"200\" > </img>\n<br><br>\npassword: @{items('Apply_to_each')?['Password_x002d_external']}\n<br><br><br>\n\n\n<br>\n\nIf you have any concerns or questions, please don’t hesitate to contact us. @ https://helpdeskservices.ingenico.com/servicedesk/customer/portal/57/group/2619 <br>\n<br>\n<br>\n<img src=\"@{outputs('Compose_footer')}\" alt=\"footer\"> </img><br>\n<br>\n</p>","request/bcc":"@triggerOutputs()?['body/GuestName']"},"authentication":"@parameters('$authentication')"}}}},"expression":{"not":{"contains":["@variables('CC email')","@outputs('Compose-@')"]}},"metadata":{"operationMetadataId":"7bc31b89-a043-439d-90e8-a4f9b309ca3e"},"type":"If"}},"runAfter":{},"metadata":{"operationMetadataId":"707bacf7-aa4f-4c48-baec-bb4ec1a6997e"},"type":"Foreach"},"Update_item_2":{"runAfter":{"Apply_to_each":["Succeeded"]},"metadata":{"operationMetadataId":"ca51d6e7-c8f7-42c6-aa2f-18ddfd7959a7"},"type":"OpenApiConnection","inputs":{"host":{"apiId":"/providers/Microsoft.PowerApps/apis/shared_sharepointonline","connectionName":"shared_sharepointonline_1","operationId":"PatchItem"},"parameters":{"dataset":"https://ingenicogroup.sharepoint.com/sites/SingaporeITTeam","table":"d22b2f3e-bb72-44c7-a87f-5b404fadfdc1","id":"@triggerOutputs()?['body/ID']","item/GuestPassword":"@null","item/QRlink_x002d_int":"@null"},"authentication":"@parameters('$authentication')"}}},"runAfter":{"Compose-@":["Succeeded"]},"else":{"actions":{"Apply_to_each_3":{"foreach":"@outputs('Get_items_-_password')?['body/value']","actions":{"Send_an_HTTP_request_to_SharePoint-int":{"runAfter":{},"metadata":{"operationMetadataId":"051b30b2-5b23-4c27-b6e0-9664e7eba52f"},"type":"OpenApiConnection","inputs":{"host":{"apiId":"/providers/Microsoft.PowerApps/apis/shared_sharepointonline","connectionName":"shared_sharepointonline_1","operationId":"HttpRequest"},"parameters":{"dataset":"https://ingenicogroup.sharepoint.com/sites/SingaporeITTeam","parameters/method":"GET","parameters/uri":"/_api/lists/getbytitle('WiFi%20Guest%20Password')/items(@{items('Apply_to_each_3')?['ID']})/QRimg_x002d_int"},"authentication":"@parameters('$authentication')"}},"Send_an_email_notification_(V3)_-internal_staff":{"runAfter":{"Compose_QR-int":["Succeeded"]},"metadata":{"operationMetadataId":"ecc4d466-46ae-4089-a540-fdadbcb61e9b"},"type":"OpenApiConnection","inputs":{"host":{"apiId":"/providers/Microsoft.PowerApps/apis/shared_sendmail","connectionName":"shared_sendmail","operationId":"SendEmailV3"},"parameters":{"request/to":"@{triggerOutputs()?['body/SponsorEmail/Email']};","request/subject":"WiFi password for Internal Staff","request/text":"<p>Hi @{triggerOutputs()?['body/SponsorEmail/DisplayName']}<br>\n<br>\n<br>\n<img src=\"@{outputs('Compose_logo')}\" alt=\"logo\"></img>\n\n<br><br><br>\n<strong> Scan the QR</strong><br>\nING Guest \n<br><br>\n\n<img src=\"@{outputs('Compose_QR-int')}\"  alt=\"QR-internal\" width=\"200\" height=\"200\"> </img>\n<br><br>\nPassword:  @{items('Apply_to_each_3')?['Password_x002d_internal']}\n<br><br><br>\n\n<br>\nIf you have any concerns or questions, please don’t hesitate to contact us. @ https://helpdeskservices.ingenico.com/servicedesk/customer/portal/57/group/2619 <br>\n<br>\n<img src=\"@{outputs('Compose_footer')}\" alt=\"footer\"> </img><br>\n<br>\n</p>"},"authentication":"@parameters('$authentication')"}},"Parse_JSON_-output_from_HTTP_-_QRimg-int":{"runAfter":{"Send_an_HTTP_request_to_SharePoint-int":["Succeeded"]},"metadata":{"operationMetadataId":"c1dcd547-0b16-470b-8f5a-3d06f538ab83"},"type":"ParseJson","inputs":{"content":"@body('Send_an_HTTP_request_to_SharePoint-int')","schema":{"type":"object","properties":{"d":{"type":"object","properties":{"QRimg_x002d_int":{"type":"string"}}}}}}},"Compose_2":{"runAfter":{"Parse_JSON_-output_from_HTTP_-_QRimg-int":["Succeeded"]},"metadata":{"operationMetadataId":"ec61ad23-7884-45d5-b81b-f58860e017a1"},"type":"Compose","inputs":"@body('Parse_JSON_-output_from_HTTP_-_QRimg-int')?['d']?['QRimg_x002d_int']"},"Parse_JSON_-output_from_Compose_statement-2":{"runAfter":{"Compose_2":["Succeeded"]},"metadata":{"operationMetadataId":"0d104421-1f7c-4165-af92-315ecb220eee"},"type":"ParseJson","inputs":{"content":"@body('Parse_JSON_-output_from_HTTP_-_QRimg-int')?['d']?['QRimg_x002d_int']","schema":{"type":"object","properties":{"type":{"type":"string"},"fileName":{"type":"string"},"nativeFile":{"type":"object","properties":{}},"fieldName":{"type":"string"},"serverUrl":{"type":"string"},"fieldId":{"type":"string"},"serverRelativeUrl":{"type":"string"},"id":{"type":"string"}}}}},"Compose_QR-int":{"runAfter":{"Get_file_content_2":["Succeeded"]},"metadata":{"operationMetadataId":"7493a671-367a-40d3-aff6-b7861d29beae"},"type":"Compose","inputs":"@dataUri(outputs('Get_file_content_2')?['body'])"},"Get_file_content_2":{"runAfter":{"Parse_JSON_-output_from_Compose_statement-2":["Succeeded"]},"metadata":{"operationMetadataId":"9c88299a-572e-4f17-b698-dd14227a2dcd"},"type":"OpenApiConnection","inputs":{"host":{"apiId":"/providers/Microsoft.PowerApps/apis/shared_sharepointonline","connectionName":"shared_sharepointonline_1","operationId":"GetFileContent"},"parameters":{"dataset":"https://ingenicogroup.sharepoint.com/sites/SingaporeITTeam","id":"@encodeUriComponent(replace(body('Parse_JSON_-output_from_Compose_statement-2')?['serverRelativeUrl'],'sites/SingaporeITTeam',''))","inferContentType":true},"authentication":"@parameters('$authentication')"}}},"runAfter":{},"metadata":{"operationMetadataId":"57987f9b-f165-4a48-bc0c-5b82116a0ef7"},"type":"Foreach"},"Update_item_3":{"runAfter":{"Apply_to_each_3":["Succeeded"]},"metadata":{"operationMetadataId":"12d8da72-dd5c-4c13-ba85-214ed034830e"},"type":"OpenApiConnection","inputs":{"host":{"apiId":"/providers/Microsoft.PowerApps/apis/shared_sharepointonline","connectionName":"shared_sharepointonline_1","operationId":"PatchItem"},"parameters":{"dataset":"https://ingenicogroup.sharepoint.com/sites/SingaporeITTeam","table":"d22b2f3e-bb72-44c7-a87f-5b404fadfdc1","id":"@triggerOutputs()?['body/ID']","item/Password_x002d_external":"@null","item/QRlink_x002d_ext":"@null"},"authentication":"@parameters('$authentication')"}}}},"expression":{"equals":["@triggerOutputs()?['body/UserType/Value']","External Guest"]},"metadata":{"operationMetadataId":"4587a6ec-9129-4c5a-8715-a2885561bf90"},"type":"If"},"Compose-@":{"runAfter":{"Compose_2-_BCC_external_mail":["Succeeded"]},"metadata":{"operationMetadataId":"18beade2-523b-424a-8ef3-6341afb793c2"},"type":"Compose","inputs":"@@"},"Add_to_time":{"runAfter":{},"metadata":{"operationMetadataId":"99c7227b-ad41-4f08-8b01-38fecbbc16a8"},"type":"Expression","kind":"AddToTime","inputs":{"baseTime":"@{startOfMonth(utcNow())}","interval":1,"timeUnit":"Month"}},"Compose_2-_BCC_external_mail":{"runAfter":{"Initialize_variable_-BCC_external_email":["Succeeded"]},"metadata":{"operationMetadataId":"d9fc4144-4b69-43b3-9e8d-6e51e2a74371"},"type":"Compose","inputs":"@triggerOutputs()?['body/GuestName']"},"Get_item_Password":{"runAfter":{"Add_to_time":["Succeeded"]},"metadata":{"operationMetadataId":"f9b05cfb-a437-4956-a03d-806df74b203e"},"type":"OpenApiConnection","inputs":{"host":{"apiId":"/providers/Microsoft.PowerApps/apis/shared_sharepointonline","connectionName":"shared_sharepointonline_2","operationId":"GetItem"},"parameters":{"dataset":"https://ingenicogroup.sharepoint.com/sites/SingaporeITTeam","table":"4ad87960-b363-4b9a-bdb7-d5e5f7f8b3d5","id":1},"authentication":"@parameters('$authentication')"}},"Update_item":{"runAfter":{"Get_items_-_password":["Succeeded"]},"metadata":{"operationMetadataId":"85a3594e-7b30-424a-8220-ba48750cad6e"},"type":"OpenApiConnection","inputs":{"host":{"apiId":"/providers/Microsoft.PowerApps/apis/shared_sharepointonline","connectionName":"shared_sharepointonline","operationId":"PatchItem"},"parameters":{"dataset":"https://ingenicogroup.sharepoint.com/sites/SingaporeITTeam","table":"d22b2f3e-bb72-44c7-a87f-5b404fadfdc1","id":"@triggerOutputs()?['body/ID']","item/SponsorName":"@triggerOutputs()?['body/SponsorEmail/DisplayName']","item/GuestPassword":"@outputs('Get_item_Password')?['body/Password_x002d_internal']","item/Password_x002d_external":"@outputs('Get_item_Password')?['body/Password_x002d_external']","item/QRlink_x002d_ext":"@outputs('Get_item_Password')?['body/QRlink_x002d_ext']","item/QRlink_x002d_int":"@outputs('Get_item_Password')?['body/QRlink_x002d_int']"},"authentication":"@parameters('$authentication')"}}}},"connectionReferences":{"shared_sharepointonline":{"connectionName":"shared-sharepointonl-dbb7d233-d942-445a-b1c0-08bd05707e63","source":"Embedded","id":"/providers/Microsoft.PowerApps/apis/shared_sharepointonline","tier":"NotSpecified","apiName":"sharepointonline"},"shared_sharepointonline_1":{"connectionName":"6e39e9c993db469aa531632a6d2132f7","source":"Embedded","id":"/providers/Microsoft.PowerApps/apis/shared_sharepointonline","tier":"NotSpecified","apiName":"sharepointonline"},"shared_sendmail":{"connectionName":"shared-sendmail-693cdb31-af4a-446c-bb44-0e50e8617065","source":"Embedded","id":"/providers/Microsoft.PowerApps/apis/shared_sendmail","tier":"NotSpecified","apiName":"sendmail"},"shared_sharepointonline_2":{"connectionName":"2fbd956fc89143fdbbc4238f25146c61","source":"Embedded","id":"/providers/Microsoft.PowerApps/apis/shared_sharepointonline","tier":"NotSpecified","apiName":"sharepointonline"}},"flowFailureAlertSubscribed":false,"isManaged":false}}