{"schemaVersion":"1.0","appDefinitionTemplate":{"id":"/providers/Microsoft.PowerApps/apps/","type":"Microsoft.PowerApps/apps","tags":{"primaryDeviceWidth":"1366","primaryDeviceHeight":"768","supportsPortrait":"true","supportsLandscape":"true","primaryFormFactor":"Tablet","showStatusBar":"false","publisherVersion":"3.23122.17","minimumRequiredApiVersion":"2.2.0","hasComponent":"false","hasUnlockedComponent":"false","isUnifiedRootApp":"false","offlineLargeFilesSupport":"false","sienaVersion":"20240612T004050Z-3.23122.17.0"},"properties":{"appVersion":"2024-06-12T00:40:50Z","lifeCycleId":"Published","createdByClientVersion":{"major":3,"minor":23122,"build":17,"revision":0,"majorRevision":0,"minorRevision":0},"minClientVersion":{"major":3,"minor":23122,"build":17,"revision":0,"majorRevision":0,"minorRevision":0},"backgroundColor":"RGBA(0,176,240,1)","backgroundImageUri":"/18181251488366976891/Nd04fd833-c009-4fe9-8764-2551adced7e1-logoSmallFile","displayName":"ITAsset","description":"added multi Currency conversion","commitMessage":"","appUris":{"documentUri":{"value":"/18181251488366976891/N60c3aca0-8bae-4629-adcb-18b88024fd2d-document.msapp"},"imageUris":[],"additionalUris":[{"isSolutionAware":false,"value":"/18181251488366976891/N664ca8a5-51fc-43a6-ac20-9a043803248a-identity.json"}]},"createdTime":"0001-01-01T00:00:00Z","lastModifiedTime":"0001-01-01T00:00:00Z","sharedGroupsCount":0,"sharedUsersCount":0,"connectionReferences":{"8e955fab-bfb1-4252-a76b-8887d0175721":{"id":"984ee24f-b7c5-4797-a6bf-ea693bd2210d","displayName":"SharePoint","iconUri":"https://connectoricons-prod.azureedge.net/releases/v1.0.1693/1.0.1693.3738/sharepointonline/icon.png","dataSources":["ITAssets-Products","ITAssets-Catagories","ITAssets-Assets"],"dependencies":[],"dependents":[],"parameterHints":{},"parameterHintsV2":{},"isOnPremiseConnection":false,"bypassConsent":false,"dataSets":{"https://ingenicogroup.sharepoint.com/sites/SingaporeITTeam":{"dataSources":{"ITAssets-Products":{"tableName":"dc34c0a1-4da9-4732-b98e-74d56483fbf2"},"ITAssets-Catagories":{"tableName":"742a5677-eacb-4494-991a-1e16676c65b9"},"ITAssets-Assets":{"tableName":"50dae9d9-25b9-416c-838f-d074a9773405"}}}},"apiTier":"Standard","isCustomApiConnection":false,"actions":["providers/PowerPlatform.Governance/Operations/Read","providers/PowerPlatform.Governance/Operations/Write"]},"bac09e01-71cb-4f73-9f5e-9d952bcf6617":{"id":"15fc66f8-5930-46d4-b14c-66ee33ca1552","displayName":"Office 365 Users","iconUri":"https://connectoricons-prod.azureedge.net/releases/v1.0.1686/1.0.1686.3706/office365users/icon.png","dataSources":["Office365Users"],"dependencies":[],"dependents":[],"parameterHints":{},"parameterHintsV2":{},"isOnPremiseConnection":false,"bypassConsent":false,"dataSets":{},"apiTier":"Standard","isCustomApiConnection":false},"52221ed1-8714-4035-ae7e-8f663cafe9f9":{"id":"027a429f-27f3-4e41-8b16-f62abf22cd63","displayName":"Logic flows","iconUri":"https://connectoricons-prod.azureedge.net/u/patelronak/specialtrain-logicflows-2/1.0.1692.3734/logicflows/icon.png","dataSources":["SendapprovalandfollowupviaTeams"],"dependencies":["15741c0a-5c40-463e-b562-013f0af74e5b","5215156d-0b45-4c2b-9954-3dacf8041cdb"],"dependents":[],"parameterHints":{"workflowName":{"value":"581ec6f1-9027-4ee5-baef-fa7c5c8ec7c5"},"workflowEntityId":{},"15741c0a-5c40-463e-b562-013f0af74e5b":{"value":"shared_approvals_1"},"5215156d-0b45-4c2b-9954-3dacf8041cdb":{"value":"shared_teams_1"}},"parameterHintsV2":{"workflowName":{"value":"581ec6f1-9027-4ee5-baef-fa7c5c8ec7c5"},"workflowEntityId":{},"shared_approvals_1":{"value":"15741c0a-5c40-463e-b562-013f0af74e5b"},"shared_teams_1":{"value":"5215156d-0b45-4c2b-9954-3dacf8041cdb"}},"isOnPremiseConnection":false,"bypassConsent":false,"dataSets":{},"apiTier":"Standard","isCustomApiConnection":false,"nestedActions":[{"id":"/providers/Microsoft.PowerApps/apis/shared_teams/apiOperations/PostCardToConversation","apiName":"Microsoft Teams","actionName":"PostCardToConversation","referencedResources":[]}]},"15741c0a-5c40-463e-b562-013f0af74e5b":{"id":"aaa5b9a0-b262-403f-9071-9eeac18457d0","displayName":"Approvals","iconUri":"https://connectoricons-prod.azureedge.net/releases/v1.0.1682/1.0.1682.3671/approvals/icon.png","dataSources":[],"dependencies":[],"dependents":["52221ed1-8714-4035-ae7e-8f663cafe9f9"],"parameterHints":{},"parameterHintsV2":{},"isOnPremiseConnection":false,"bypassConsent":false,"dataSets":{},"apiTier":"Standard","isCustomApiConnection":false},"5215156d-0b45-4c2b-9954-3dacf8041cdb":{"id":"3449279a-2c29-4df5-b5fc-36d4467597f4","displayName":"Microsoft Teams","iconUri":"https://connectoricons-prod.azureedge.net/releases/v1.0.1690/1.0.1690.3719/teams/icon.png","dataSources":[],"dependencies":[],"dependents":["52221ed1-8714-4035-ae7e-8f663cafe9f9"],"parameterHints":{},"parameterHintsV2":{},"isOnPremiseConnection":false,"bypassConsent":false,"dataSets":{},"apiTier":"Standard","isCustomApiConnection":false}},"databaseReferences":{},"almMode":"Environment","performanceOptimizationEnabled":true,"canConsumeAppPass":true,"enableModernRuntimeMode":false,"executionRestrictions":{"isTeamsOnly":false,"dataLossPreventionEvaluationResult":{"status":"Compliant","lastEvaluationDate":"2024-06-12T00:41:33.4356103Z","violations":[],"violationsByPolicy":[],"violationErrorMessage":"The app uses the following connectors: shared_sharepointonline, shared_office365users, shared_logicflows, shared_approvals, shared_teams."},"httpActionRestriction":{"appUsesSharepointHttpAction":false,"enforcementStrategy":"Legacy","evaluationTime":"2024-06-12T00:41:33.4354219Z"}}},"appType":"ClassicCanvasApp","appComponents":[]}}