{"schemaVersion":"1.0","appDefinitionTemplate":{"id":"/providers/Microsoft.PowerApps/apps/","type":"Microsoft.PowerApps/apps","tags":{"primaryDeviceWidth":"1366","primaryDeviceHeight":"768","supportsPortrait":"true","supportsLandscape":"true","primaryFormFactor":"Tablet","showStatusBar":"false","publisherVersion":"3.25022.8","minimumRequiredApiVersion":"2.2.0","hasComponent":"false","hasUnlockedComponent":"false","isUnifiedRootApp":"false","sienaVersion":"20250225T162305Z-3.25022.8.0"},"properties":{"appVersion":"2025-02-25T16:23:05Z","lifeCycleId":"Published","createdByClientVersion":{"major":3,"minor":25022,"build":8,"revision":0,"majorRevision":0,"minorRevision":0},"minClientVersion":{"major":3,"minor":25022,"build":8,"revision":0,"majorRevision":0,"minorRevision":0},"backgroundColor":"rgba(214, 221, 224, 1)","backgroundImageUri":"/17581293193998479300/N492d2a79-e312-4862-a514-65e9ed55c4a6-logoSmallFile","displayName":"APAC-Employee","description":"","commitMessage":"","appUris":{"documentUri":{"value":"/17581293193998479300/N33cd6502-ef6e-49d5-945e-6a0961a1170e-document.msapp"},"imageUris":[],"additionalUris":[{"isSolutionAware":false,"value":"/17581293193998479300/N06484ce7-7892-420e-a29f-86654c81891b-identity.json"}]},"createdTime":"0001-01-01T00:00:00Z","lastModifiedTime":"0001-01-01T00:00:00Z","sharedGroupsCount":0,"sharedUsersCount":0,"connectionReferences":{"7a76fec9-3b59-43a5-8cba-03dbc94a389c":{"id":"984ee24f-b7c5-4797-a6bf-ea693bd2210d","displayName":"SharePoint","iconUri":"https://conn-afd-prod-endpoint-bmc9bqahasf3grgk.b01.azurefd.net/releases/v1.0.1732/1.0.1732.4070/sharepointonline/icon.png","dataSources":["Employee Exit Checklist"],"dependencies":[],"dependents":["610cb0a9-b859-428f-8b38-b5cedec23136"],"parameterHints":{},"parameterHintsV2":{},"isOnPremiseConnection":false,"bypassConsent":false,"dataSets":{"https://ingenicogroup.sharepoint.com/sites/SingaporeITTeam":{"dataSources":{"Employee Exit Checklist":{"tableName":"f17ff3af-d51f-4243-af78-cbc13566ee18"}}}},"apiTier":"Standard","isCustomApiConnection":false,"actions":["providers/PowerPlatform.Governance/Operations/Read","providers/PowerPlatform.Governance/Operations/Write","providers/PowerPlatform.Governance/Operations/Delete"]},"e5db6c7e-283d-4e73-ad6d-36de7764dfee":{"id":"15fc66f8-5930-46d4-b14c-66ee33ca1552","displayName":"Office 365 Users","iconUri":"https://conn-afd-prod-endpoint-bmc9bqahasf3grgk.b01.azurefd.net/releases/v1.0.1732/1.0.1732.4070/office365users/icon.png","dataSources":["Office365Users"],"dependencies":[],"dependents":[],"parameterHints":{},"parameterHintsV2":{},"isOnPremiseConnection":false,"bypassConsent":false,"dataSets":{},"apiTier":"Standard","isCustomApiConnection":false,"actions":["Manager_V2"]},"610cb0a9-b859-428f-8b38-b5cedec23136":{"id":"027a429f-27f3-4e41-8b16-f62abf22cd63","displayName":"Logic flows","iconUri":"https://conn-afd-prod-endpoint-bmc9bqahasf3grgk.b01.azurefd.net/releases/v1.0.1725/1.0.1725.4004/logicflows/icon.png","dataSources":["PItoOneDrive"],"dependencies":["d86c0114-da40-4e37-a76f-9fea81262d06","6f71ffe3-2902-4101-b536-3f63a4872047","7a76fec9-3b59-43a5-8cba-03dbc94a389c"],"dependents":[],"parameterHints":{"workflowName":{"value":"01c931fa-9488-46d6-86ef-609163a655fa"},"workflowEntityId":{},"workflowDisplayName":{"value":"PItoOneDrive"},"d86c0114-da40-4e37-a76f-9fea81262d06":{"value":"shared_onedriveforbusiness_1"},"6f71ffe3-2902-4101-b536-3f63a4872047":{"value":"shared_sendmail"},"7a76fec9-3b59-43a5-8cba-03dbc94a389c":{"value":"shared_sharepointonline"}},"parameterHintsV2":{"workflowName":{"value":"01c931fa-9488-46d6-86ef-609163a655fa"},"workflowEntityId":{},"workflowDisplayName":{"value":"PItoOneDrive"},"shared_onedriveforbusiness_1":{"value":"d86c0114-da40-4e37-a76f-9fea81262d06"},"shared_sendmail":{"value":"6f71ffe3-2902-4101-b536-3f63a4872047"},"shared_sharepointonline":{"value":"7a76fec9-3b59-43a5-8cba-03dbc94a389c"}},"isOnPremiseConnection":false,"bypassConsent":false,"dataSets":{},"apiTier":"Standard","isCustomApiConnection":false,"actions":["Run"],"nestedActions":[{"id":"/providers/Microsoft.PowerApps/apis/shared_onedriveforbusiness/apiOperations/CreateFile","flowConnectionRef":"shared_onedriveforbusiness_1","apiName":"OneDrive for Business","actionName":"CreateFile","referencedResources":[]},{"id":"/providers/Microsoft.PowerApps/apis/shared_onedriveforbusiness/apiOperations/ConvertFile","flowConnectionRef":"shared_onedriveforbusiness_1","apiName":"OneDrive for Business","actionName":"ConvertFile","referencedResources":[]},{"id":"/providers/Microsoft.PowerApps/apis/shared_sendmail/apiOperations/SendEmailV3","flowConnectionRef":"shared_sendmail","apiName":"Mail","actionName":"SendEmailV3","referencedResources":[]},{"id":"/providers/Microsoft.PowerApps/apis/shared_sharepointonline/apiOperations/CreateFile","flowConnectionRef":"shared_sharepointonline","apiName":"SharePoint","actionName":"CreateFile","referencedResources":[{"key":"site","value":"https://ingenicogroup.sharepoint.com/sites/SingaporeITTeam"}]}]},"d86c0114-da40-4e37-a76f-9fea81262d06":{"id":"fbdd34e9-0eff-4bd9-9ed7-9aa2a7859feb","displayName":"OneDrive for Business","iconUri":"https://conn-afd-prod-endpoint-bmc9bqahasf3grgk.b01.azurefd.net/releases/v1.0.1732/1.0.1732.4070/onedriveforbusiness/icon.png","dataSources":[],"dependencies":[],"dependents":["610cb0a9-b859-428f-8b38-b5cedec23136"],"parameterHints":{},"parameterHintsV2":{},"isOnPremiseConnection":false,"bypassConsent":false,"dataSets":{},"apiTier":"Standard","isCustomApiConnection":false},"6f71ffe3-2902-4101-b536-3f63a4872047":{"id":"023a07a7-c294-439d-99fd-576cd80a06e1","displayName":"Mail","iconUri":"https://conn-afd-prod-endpoint-bmc9bqahasf3grgk.b01.azurefd.net/releases/v1.0.1720/1.0.1720.3960/sendmail/icon.png","dataSources":[],"dependencies":[],"dependents":["610cb0a9-b859-428f-8b38-b5cedec23136"],"parameterHints":{},"parameterHintsV2":{},"isOnPremiseConnection":false,"bypassConsent":false,"dataSets":{},"apiTier":"Standard","isCustomApiConnection":false}},"databaseReferences":{},"almMode":"Environment","performanceOptimizationEnabled":false,"canConsumeAppPass":false,"enableModernRuntimeMode":false,"executionRestrictions":{"isTeamsOnly":false,"dataLossPreventionEvaluationResult":{"status":"Compliant","lastEvaluationDate":"2025-02-25T16:23:11.3151302Z","violations":[],"violationsByPolicy":[],"violationErrorMessage":"The app uses the following connectors: shared_sharepointonline, shared_office365users, shared_logicflows, shared_onedriveforbusiness, shared_sendmail."},"httpActionRestriction":{"appUsesSharepointHttpAction":false,"enforcementStrategy":"Legacy","evaluationTime":"2025-02-25T16:23:11.3150041Z"}}},"isAppComponentLibrary":false,"appType":"ClassicCanvasApp","appComponents":[]}}