{"name":"9ad00d36-d92b-48e4-a21c-63e12f3e3379","id":"/providers/Microsoft.Flow/flows/9ad00d36-d92b-48e4-a21c-63e12f3e3379","type":"Microsoft.Flow/flows","properties":{"apiId":"/providers/Microsoft.PowerApps/apis/shared_logicflows","displayName":"PItoOneDrive","definition":{"metadata":{"workflowEntityId":null,"processAdvisorMetadata":null,"flowChargedByPaygo":null,"flowclientsuspensionreason":"None","flowclientsuspensiontime":null,"flowclientsuspensionreasondetails":null,"creator":{"id":"515ab4e7-6179-47a9-8e25-78de835f7740","type":"User","tenantId":"143a5e19-140b-4632-b3ea-e71a15cddb8c"},"provisioningMethod":"FromDefinition","failureAlertSubscription":true,"clientLastModifiedTime":"2025-01-19T15:11:37.2254868Z","connectionKeySavedTimeKey":"2025-01-19T14:52:48.0158366Z"},"$schema":"https://schema.management.azure.com/providers/Microsoft.Logic/schemas/2016-06-01/workflowdefinition.json#","contentVersion":"1.0.0.0","parameters":{"$connections":{"defaultValue":{},"type":"Object"},"$authentication":{"defaultValue":{},"type":"SecureObject"}},"triggers":{"manual":{"metadata":{"operationMetadataId":"3628147b-b95d-493f-a6c4-3327b98016c5"},"type":"Request","kind":"PowerAppV2","inputs":{"schema":{"type":"object","properties":{"text":{"title":"PDF_Body","type":"string","x-ms-dynamically-added":true,"description":"Please enter your input","x-ms-content-hint":"TEXT"},"text_1":{"title":"Email_txt","type":"string","x-ms-dynamically-added":true,"description":"Please enter your input","x-ms-content-hint":"TEXT"},"text_2":{"title":"EmployeeName","type":"string","x-ms-dynamically-added":true,"description":"Please enter your input","x-ms-content-hint":"TEXT"}},"required":["text","text_1","text_2"]}}}},"actions":{"Create_file":{"runAfter":{},"metadata":{"operationMetadataId":"30f7d31f-d439-484c-b248-061c028b6674"},"type":"OpenApiConnection","inputs":{"host":{"apiId":"/providers/Microsoft.PowerApps/apis/shared_onedriveforbusiness","connectionName":"shared_onedriveforbusiness_1","operationId":"CreateFile"},"parameters":{"folderPath":"/Documents/EmployeeCheckList_PDF","name":"@concat(utcNow(),'.html')","body":"@triggerBody()['text']"},"authentication":{"value":"@json(decodeBase64(triggerOutputs().headers['X-MS-APIM-Tokens']))['$ConnectionKey']","type":"Raw"}},"runtimeConfiguration":{"contentTransfer":{"transferMode":"Chunked"}}},"Convert_file":{"runAfter":{"Create_file":["Succeeded"]},"metadata":{"operationMetadataId":"7b78bb4f-36a0-4387-8e87-202ead07e9b4"},"type":"OpenApiConnection","inputs":{"host":{"apiId":"/providers/Microsoft.PowerApps/apis/shared_onedriveforbusiness","connectionName":"shared_onedriveforbusiness_1","operationId":"ConvertFile"},"parameters":{"id":"@outputs('Create_file')?['body/Id']","type":"PDF"},"authentication":{"value":"@json(decodeBase64(triggerOutputs().headers['X-MS-APIM-Tokens']))['$ConnectionKey']","type":"Raw"}}},"Create_file_2":{"runAfter":{"Create_file_3":["Succeeded"]},"metadata":{"operationMetadataId":"7744c01c-4a3a-42a4-8d18-44e98f6cd81b"},"type":"OpenApiConnection","inputs":{"host":{"apiId":"/providers/Microsoft.PowerApps/apis/shared_onedriveforbusiness","connectionName":"shared_onedriveforbusiness_1","operationId":"CreateFile"},"parameters":{"folderPath":"/Documents/EmployeeCheckList_PDF","name":"ExitChecklist_@{triggerBody()['text_2']}.pdf","body":"@body('Convert_file')"},"authentication":{"value":"@json(decodeBase64(triggerOutputs().headers['X-MS-APIM-Tokens']))['$ConnectionKey']","type":"Raw"}},"runtimeConfiguration":{"contentTransfer":{"transferMode":"Chunked"}}},"Send_an_email_notification_(V3)":{"runAfter":{"Convert_file":["Succeeded"]},"metadata":{"operationMetadataId":"540dc9f3-29b2-49fd-8c20-f0db1587932a"},"type":"OpenApiConnection","inputs":{"host":{"apiId":"/providers/Microsoft.PowerApps/apis/shared_sendmail","connectionName":"shared_sendmail","operationId":"SendEmailV3"},"parameters":{"request/to":"@{triggerBody()['text_1']};","request/subject":"ReturnAccess Declaration","request/text":"<p>Test</p>","request/files":"@body('Convert_file')","request/filenames":"ExitChecklist_@{triggerBody()['text_2']}.pdf"},"authentication":{"value":"@json(decodeBase64(triggerOutputs().headers['X-MS-APIM-Tokens']))['$ConnectionKey']","type":"Raw"}}},"Create_file_3":{"runAfter":{"Send_an_email_notification_(V3)":["Succeeded"]},"metadata":{"operationMetadataId":"e9b19639-5e6c-4f53-a330-dbfd7dcf6011"},"type":"OpenApiConnection","inputs":{"host":{"apiId":"/providers/Microsoft.PowerApps/apis/shared_sharepointonline","connectionName":"shared_sharepointonline","operationId":"CreateFile"},"parameters":{"dataset":"https://ingenicogroup.sharepoint.com/sites/SingaporeITTeam","folderPath":"/Documents partages/General/EmployeeExitChecklist-PDF","name":"@{triggerBody()['text_2']}_ExitChecklist.pdf","body":"@body('Convert_file')"},"authentication":{"value":"@json(decodeBase64(triggerOutputs().headers['X-MS-APIM-Tokens']))['$ConnectionKey']","type":"Raw"}},"runtimeConfiguration":{"contentTransfer":{"transferMode":"Chunked"}}}}},"connectionReferences":{"shared_onedriveforbusiness_1":{"connectionName":"14afccb73ecb4abda69ae9d4d74e7cd8","source":"Invoker","id":"/providers/Microsoft.PowerApps/apis/shared_onedriveforbusiness","tier":"NotSpecified","apiName":"onedriveforbusiness"},"shared_sendmail":{"connectionName":"shared-sendmail-693cdb31-af4a-446c-bb44-0e50e8617065","source":"Invoker","id":"/providers/Microsoft.PowerApps/apis/shared_sendmail","tier":"NotSpecified","apiName":"sendmail"},"shared_sharepointonline":{"connectionName":"6e39e9c993db469aa531632a6d2132f7","source":"Invoker","id":"/providers/Microsoft.PowerApps/apis/shared_sharepointonline","tier":"NotSpecified","apiName":"sharepointonline"}},"flowFailureAlertSubscribed":false,"isManaged":false}}