{"schemaVersion":"1.0","appDefinitionTemplate":{"id":"/providers/Microsoft.PowerApps/apps/","type":"Microsoft.PowerApps/apps","tags":{"primaryDeviceWidth":"1366","primaryDeviceHeight":"768","supportsPortrait":"true","supportsLandscape":"true","primaryFormFactor":"Tablet","publisherVersion":"3.22104.22","minimumRequiredApiVersion":"2.2.0","hasComponent":"false","hasUnlockedComponent":"false","isUnifiedRootApp":"false","sienaVersion":"20221108T173039Z-3.22104.22.0"},"properties":{"appVersion":"2022-11-08T17:30:39Z","lifeCycleId":"Published","createdByClientVersion":{"major":3,"minor":22104,"build":22,"revision":0,"majorRevision":0,"minorRevision":0},"minClientVersion":{"major":3,"minor":22104,"build":22,"revision":0,"majorRevision":0,"minorRevision":0},"backgroundColor":"rgba(0, 176, 240, 1)","backgroundImageUri":"/235155844945153224/N44e35ff6-dc08-4f8c-a835-a63508e4701c-logoSmallFile","displayName":"Desk Reservation System MultiDates (draft)","description":"","commitMessage":"","appUris":{"documentUri":{"value":"/235155844945153224/Ndf6fbd81-0019-43a7-8ed9-1c7afa8d91e7-document.msapp"},"imageUris":[],"additionalUris":[]},"createdTime":"0001-01-01T00:00:00Z","lastModifiedTime":"0001-01-01T00:00:00Z","sharedGroupsCount":0,"sharedUsersCount":0,"connectionReferences":{"59f57735-259f-4198-9eea-f9f0aee6ad46":{"id":"984ee24f-b7c5-4797-a6bf-ea693bd2210d","displayName":"SharePoint","iconUri":"https://connectoricons-prod.azureedge.net/releases/v1.0.1607/1.0.1607.3068/sharepointonline/icon.png","dataSources":["OfficeBookingMultiDates","OfficeInfo"],"dependencies":[],"dependents":[],"parameterHints":{},"parameterHintsV2":{},"isOnPremiseConnection":false,"dataSets":{"https://ingenicogroup.sharepoint.com/sites/DeskReservation":{"dataSources":{"OfficeBookingMultiDates":{"tableName":"d625d147-aa0e-4328-a4ba-16ba9d1cd10d"},"OfficeInfo":{"tableName":"bf7d9c49-0701-4946-b72c-f011883c72e8"}}}},"apiTier":"Standard","isCustomApiConnection":false,"actions":["providers/PowerPlatform.Governance/Operations/Read","providers/PowerPlatform.Governance/Operations/Write","providers/PowerPlatform.Governance/Operations/Delete"]}},"databaseReferences":{},"almMode":"Environment","performanceOptimizationEnabled":true,"canConsumeAppPass":true,"enableModernRuntimeMode":false,"executionRestrictions":{"isTeamsOnly":false,"dataLossPreventionEvaluationResult":{"status":"Compliant","lastEvaluationDate":"2022-11-08T17:30:43.9598593Z","violations":[],"violationsByPolicy":[],"violationErrorMessage":"The app uses the following connectors: shared_sharepointonline."}}},"appType":"ClassicCanvasApp","appComponents":[]}}