{"name":"16889710-fea8-4868-88cf-0a72e3a1f5c8","id":"/providers/Microsoft.Flow/flows/16889710-fea8-4868-88cf-0a72e3a1f5c8","type":"Microsoft.Flow/flows","properties":{"apiId":"/providers/Microsoft.PowerApps/apis/shared_logicflows","displayName":"Purchase approval flow - GoLive v-0.3","definition":{"metadata":{"workflowEntityId":null,"processAdvisorMetadata":null,"flowclientsuspensionreason":"None","flowclientsuspensiontime":null,"flowclientsuspensionreasondetails":null,"creator":{"id":"515ab4e7-6179-47a9-8e25-78de835f7740","type":"User","tenantId":"143a5e19-140b-4632-b3ea-e71a15cddb8c"},"provisioningMethod":"FromDefinition","failureAlertSubscription":true,"clientLastModifiedTime":"2023-02-14T15:44:29.2470276Z","flowChargedByPaygo":null,"connectionKeySavedTimeKey":"2024-11-11T20:30:53.6811445Z"},"$schema":"https://schema.management.azure.com/providers/Microsoft.Logic/schemas/2016-06-01/workflowdefinition.json#","contentVersion":"1.0.0.0","parameters":{"$connections":{"defaultValue":{},"type":"Object"},"$authentication":{"defaultValue":{},"type":"SecureObject"}},"triggers":{"When_an_item_is_created":{"recurrence":{"frequency":"Minute","interval":1},"splitOn":"@triggerOutputs()?['body/value']","metadata":{"operationMetadataId":"8e9df26f-8ab1-4ca1-bd08-212fae484e2f"},"type":"OpenApiConnection","inputs":{"host":{"apiId":"/providers/Microsoft.PowerApps/apis/shared_sharepointonline","connectionName":"shared_sharepointonline","operationId":"GetOnNewItems"},"parameters":{"dataset":"https://ingenicogroup.sharepoint.com/sites/SingaporeITTeam","table":"8ae8b957-6e9b-4a8c-a69a-2c7983b92071"},"authentication":"@parameters('$authentication')"}}},"actions":{"var1000":{"runAfter":{"Compose-totalPrice-convertTofloat":["Succeeded"]},"metadata":{"operationMetadataId":"bbef88f3-b8fd-469f-9461-5dcbdf2d220f"},"type":"InitializeVariable","inputs":{"variables":[{"name":"var1000","type":"integer","value":1000}]}},"varMail-CC":{"runAfter":{"Apply_to_each_21_attachment":["Succeeded"]},"metadata":{"operationMetadataId":"86ca1af9-a053-49a7-9bac-9364394fa45b"},"type":"InitializeVariable","inputs":{"variables":[{"name":"varMail-CC","type":"string","value":"winston.fabian@ingenico.com;chiewlun.chong@ingenico.com;irene.leow@ingenico.com"}]}},"Get_item":{"runAfter":{"varAttachments":["Succeeded"]},"metadata":{"operationMetadataId":"d0c6a251-ef04-43bd-9738-0f6250dd967c"},"type":"OpenApiConnection","inputs":{"host":{"apiId":"/providers/Microsoft.PowerApps/apis/shared_sharepointonline","connectionName":"shared_sharepointonline","operationId":"GetItem"},"parameters":{"dataset":"https://ingenicogroup.sharepoint.com/sites/SingaporeITTeam","table":"8ae8b957-6e9b-4a8c-a69a-2c7983b92071","id":"@triggerOutputs()?['body/ID']"},"authentication":"@parameters('$authentication')"},"operationOptions":"DisableAutomaticDecompression"},"Compose_-_UTC_to_SST":{"runAfter":{"varApproval-Completed":["Succeeded"]},"metadata":{"operationMetadataId":"edffd1cb-4aad-4dfc-b9bd-50ce99231252"},"type":"Compose","inputs":"@convertFromUtc(utcNow(),'Singapore Standard Time','dd/MM/yyyy h:mm:ss tt')"},"varApproval-Completed":{"runAfter":{"var1000":["Succeeded"]},"metadata":{"operationMetadataId":"287280ae-c30d-4f05-b01d-19d600474f48"},"type":"InitializeVariable","inputs":{"variables":[{"name":"varApproval-Completed","type":"boolean","value":false}]}},"Get_attachments":{"runAfter":{"Get_item":["Succeeded"]},"metadata":{"operationMetadataId":"71b0512c-a7c6-4f51-9874-9aa3727f5939"},"type":"OpenApiConnection","inputs":{"host":{"apiId":"/providers/Microsoft.PowerApps/apis/shared_sharepointonline","connectionName":"shared_sharepointonline","operationId":"GetItemAttachments"},"parameters":{"dataset":"https://ingenicogroup.sharepoint.com/sites/SingaporeITTeam","table":"8ae8b957-6e9b-4a8c-a69a-2c7983b92071","itemId":"@triggerOutputs()?['body/ID']"},"authentication":"@parameters('$authentication')"}},"varAttachments":{"runAfter":{},"metadata":{"operationMetadataId":"137e481b-a6cc-4c84-8877-792bef5c7693"},"type":"InitializeVariable","inputs":{"variables":[{"name":"varAttachments","type":"array"}]}},"Apply_to_each_21_attachment":{"foreach":"@body('Get_attachments')","actions":{"Get_attachment_content":{"runAfter":{},"metadata":{"operationMetadataId":"5040ae17-3726-43ec-b6f9-63669634da59"},"type":"OpenApiConnection","inputs":{"host":{"apiId":"/providers/Microsoft.PowerApps/apis/shared_sharepointonline","connectionName":"shared_sharepointonline","operationId":"GetAttachmentContent"},"parameters":{"dataset":"https://ingenicogroup.sharepoint.com/sites/SingaporeITTeam","table":"8ae8b957-6e9b-4a8c-a69a-2c7983b92071","itemId":"@triggerOutputs()?['body/ID']","attachmentId":"@items('Apply_to_each_21_attachment')?['Id']"},"authentication":"@parameters('$authentication')"}},"Append_to_array_variable":{"runAfter":{"Get_attachment_content":["Succeeded"]},"metadata":{"operationMetadataId":"1119cfff-a6e5-4de5-80a0-0b85cee8f38b"},"type":"AppendToArrayVariable","inputs":{"name":"varAttachments","value":{"name":"@items('Apply_to_each_21_attachment')?['DisplayName']","content":"@body('Get_attachment_content')"}}}},"runAfter":{"Get_attachments":["Succeeded"]},"metadata":{"operationMetadataId":"c0d51ad7-8d71-466b-b6af-4a5d3c0cd91b"},"type":"Foreach"},"Compose-totalPrice":{"runAfter":{"varMail-CC":["Succeeded"]},"metadata":{"operationMetadataId":"74983927-c602-4882-9c7b-8609ccdf718a"},"type":"Compose","inputs":"@triggerOutputs()?['body/Total']"},"Compose-totalPrice-convertTofloat":{"runAfter":{"Compose-totalPrice":["Succeeded"]},"metadata":{"operationMetadataId":"0a065a74-3d92-4289-9339-aff2ad95d2e6"},"type":"Compose","inputs":"@float(outputs('Compose-totalPrice'))"},"Condition":{"actions":{"Update_item_1":{"runAfter":{},"metadata":{"operationMetadataId":"c9f08076-fadd-416e-84b7-943b847c225c"},"type":"OpenApiConnection","inputs":{"host":{"apiId":"/providers/Microsoft.PowerApps/apis/shared_sharepointonline","connectionName":"shared_sharepointonline","operationId":"PatchItem"},"parameters":{"dataset":"https://ingenicogroup.sharepoint.com/sites/SingaporeITTeam","table":"8ae8b957-6e9b-4a8c-a69a-2c7983b92071","id":"@triggerOutputs()?['body/ID']","item/Title":"@triggerOutputs()?['body/Title']","item/ApprovalStatus/Value":"Pending","item/Approvalhistory":"Started by: @{triggerOutputs()?['body/Author/DisplayName']} \nStarted at: @{outputs('Compose_-_UTC_to_SST')}","item/IncludedinCAPEXBudget":true,"item/AssignedTo":"@triggerOutputs()?['body/Manager/DisplayName']"},"authentication":"@parameters('$authentication')"}},"Start_and_wait_for_an_approval_1":{"runAfter":{"Update_item_1":["Succeeded"]},"limit":{"timeout":"P14D"},"metadata":{"operationMetadataId":"ff15b1be-7e2c-4b57-a96e-f94113743c0a"},"type":"OpenApiConnectionWebhook","inputs":{"host":{"apiId":"/providers/Microsoft.PowerApps/apis/shared_approvals","connectionName":"shared_approvals","operationId":"StartAndWaitForAnApproval"},"parameters":{"approvalType":"Basic","WebhookApprovalCreationInput/title":"ID:@{triggerOutputs()?['body/ID']} Please review the purchase request: @{triggerOutputs()?['body/ProductType/Value']} (@{triggerOutputs()?['body/TypeofRequest/Value']})","WebhookApprovalCreationInput/assignedTo":"@{triggerOutputs()?['body/Manager/Email']};;","WebhookApprovalCreationInput/details":"\n- **User name**:  @{triggerOutputs()?['body/Raisethisrequestonbehalfof']}\n- **Purpose of the request**: @{triggerOutputs()?['body/DescriptionofProposedpurchase/Value']}\n- **Item request**:  @{triggerOutputs()?['body/ProductType/Value']} (@{triggerOutputs()?['body/TypeofRequest/Value']}) @{triggerOutputs()?['body/Quotes/Value']}\n- **Quantity**:  @{triggerOutputs()?['body/Quantity']}\n- **Total amount**:  SGD @{outputs('Compose-totalPrice-convertTofloat')}\n- **Justification/ Reason for the purchase**: @{triggerOutputs()?['body/JustificationofthePurchase']}\n\nPlease respond to this request.\n\n**_Note: if you need more info> please access the above link > give a comment in the SharePoint comments section before you take action to approve._**\n\nThanks ","WebhookApprovalCreationInput/itemLink":"@triggerOutputs()?['body/{Link}']","WebhookApprovalCreationInput/itemLinkDescription":"see the detail in this SharePoint List => ID:@{triggerOutputs()?['body/ID']}, request item @{outputs('Get_item')?['body/ProductType/Value']} @{outputs('Get_item')?['body/TypeofRequest/Value']}","WebhookApprovalCreationInput/enableNotifications":true,"WebhookApprovalCreationInput/enableReassignment":true,"WebhookApprovalCreationInput/attachments":"@variables('varAttachments')"},"authentication":"@parameters('$authentication')"}},"Do_until_3":{"actions":{"Delay_3":{"runAfter":{},"metadata":{"operationMetadataId":"822c6a18-ddb3-47b7-95c9-2d628c2b0594"},"type":"Wait","inputs":{"interval":{"count":1,"unit":"Day"}}},"Condition_2":{"actions":{"Send_an_email_(V2)_reminder":{"runAfter":{},"metadata":{"operationMetadataId":"a6648045-3c61-46ac-b38f-31c339073e1b"},"type":"OpenApiConnection","inputs":{"host":{"apiId":"/providers/Microsoft.PowerApps/apis/shared_office365","connectionName":"shared_office365","operationId":"SendEmailV2"},"parameters":{"emailMessage/To":"@triggerOutputs()?['body/Manager/Email']","emailMessage/Subject":"ID:@{triggerOutputs()?['body/ID']} Friendly reminder of pending approval request submitted by @{triggerOutputs()?['body/Author/DisplayName']}","emailMessage/Body":"<p><span style=\"font-size: 10px\"><u><em><strong>This is an automated mail flow through MS PowerAutomate Flow.<br>\n</strong></em></u></span><br>\n<br>\nHi @{outputs('Update_item_1')?['body/Manager/DisplayName']}<br>\n<br>\nYou have 1 pending approval action.<br>\n<br>\nYou can either find the Approval email with ID:@{triggerOutputs()?['body/ID']} that was sent to you and Click on the Approve button.<br>\n<br>\n&lt;OR&gt;<br>\n<br>\nIn Microsoft Teams &gt; Activity(bell icon) &gt; find the ID:@{triggerOutputs()?['body/ID']} &gt; click on the Approve or Reject button.<br>\n<br>\n&lt;OR&gt;<br>\n<br>\nGo to <a href=\"https://make.powerautomate.com/environments/Default-143a5e19-140b-4632-b3ea-e71a15cddb8c/approvals/received\">PowerAutomateFlow</a>, find this approval there under Received and approve it there.<br>\n<br>\n<br>\nRequest info&gt; @{triggerOutputs()?['body/{Link}']}<br>\n<br>\n<strong>Note:</strong> <u><em>These daily reminder emails will be sent until you have completed the approvals</em></u><br>\n</p>","emailMessage/Importance":"Normal"},"authentication":"@parameters('$authentication')"}}},"runAfter":{"Delay_3":["Succeeded"]},"expression":{"equals":["@variables('varApproval-Completed')",false]},"metadata":{"operationMetadataId":"f5d426ab-c0c2-46c2-a976-b0f5c83cade5"},"type":"If"}},"runAfter":{"Update_item_1":["Succeeded"]},"expression":"@equals(variables('varApproval-Completed'), true)","limit":{"count":60,"timeout":"P14D"},"metadata":{"operationMetadataId":"1f167428-c59d-4f1d-a6b5-5078632533a0"},"type":"Until"},"Set_variable-varApproval-Completed-true_1":{"runAfter":{"Start_and_wait_for_an_approval_1":["Succeeded"]},"metadata":{"operationMetadataId":"35fae3c8-f2e3-4202-9980-97061ad3708b"},"type":"SetVariable","inputs":{"name":"varApproval-Completed","value":"@true"}},"Compose_-_complete_date_1":{"runAfter":{"Set_variable-varApproval-Completed-true_1":["Succeeded"]},"metadata":{"operationMetadataId":"310b9671-afa0-40b6-bcfb-b1cf3a571de5"},"type":"Compose","inputs":"@convertFromUtc(outputs('Start_and_wait_for_an_approval_1')?['body/completionDate'],'Singapore Standard Time','dd/MM/yyyy h:mm:ss tt')"},"Condition_5":{"actions":{"Condition_6":{"actions":{"Condition_7":{"actions":{"Send_an_email_(V2)_2":{"runAfter":{"Apply_to_each_9":["Succeeded"]},"metadata":{"operationMetadataId":"02387783-3992-4156-8195-2db1e7d39309"},"type":"OpenApiConnection","inputs":{"host":{"apiId":"/providers/Microsoft.PowerApps/apis/shared_office365","connectionName":"shared_office365","operationId":"SendEmailV2"},"parameters":{"emailMessage/To":"@variables('varMail-CC')","emailMessage/Subject":"ID:@{triggerOutputs()?['body/ID']} @{triggerOutputs()?['body/ProductType/Value']} (@{triggerOutputs()?['body/TypeofRequest/Value']})>purchase request approved","emailMessage/Body":"<p><span style=\"font-size: 9px\"><u><em><strong>This is an automated mail flow through MS PowerAutomate Flow.</strong></em></u></span><br>\n<br>\nThe purchase&nbsp;request has been approved by a@{triggerOutputs()?['body/Manager/DisplayName']} and @{triggerOutputs()?['body/Approver2/DisplayName']}<br>\n<br>\nwe will proceed to purchase:<br>\n<br>\n👇<br>\n- <strong>QuoteNo.</strong> : @{triggerOutputs()?['body/QuotationNo_x002e_']}<br>\n- <strong>User name: </strong>&nbsp;@{triggerOutputs()?['body/Raisethisrequestonbehalfof']}<br>\n- <strong>Purpose of the request</strong>: @{triggerOutputs()?['body/DescriptionofProposedpurchase/Value']}<br>\n- <strong>Item request</strong>: &nbsp;@{triggerOutputs()?['body/ProductType/Value']} (@{triggerOutputs()?['body/TypeofRequest/Value']}) @{triggerOutputs()?['body/Quotes/Value']}<br>\n- <strong>Quantity</strong>: &nbsp;@{triggerOutputs()?['body/Quantity']}<br>\n- <strong>Total amount</strong>: <strong>SGD</strong>&nbsp;@{outputs('Compose-totalPrice-convertTofloat')}<br>\n- <strong>Justification/ Reason for the purchase</strong>: @{triggerOutputs()?['body/JustificationofthePurchase']}<br>\n<br>\n<br>\n<br>\nPlease see the approval detail here<br>\n&gt; @{triggerOutputs()?['body/{Link}']}<br>\n</p>","emailMessage/Cc":"@triggerOutputs()?['body/Author/Email']","emailMessage/Importance":"Normal"},"authentication":"@parameters('$authentication')"}},"Apply_to_each_9":{"foreach":"@outputs('Start_and_wait_for_an_approval_2')?['body/responses']","actions":{"Apply_to_each_13":{"foreach":"@outputs('Start_and_wait_for_an_approval_1')?['body/responses']","actions":{"Update_item_2_approve":{"runAfter":{},"metadata":{"operationMetadataId":"07d44ad0-8dc0-4924-a70b-f2eff28cee26"},"type":"OpenApiConnection","inputs":{"host":{"apiId":"/providers/Microsoft.PowerApps/apis/shared_sharepointonline","connectionName":"shared_sharepointonline","operationId":"PatchItem"},"parameters":{"dataset":"https://ingenicogroup.sharepoint.com/sites/SingaporeITTeam","table":"8ae8b957-6e9b-4a8c-a69a-2c7983b92071","id":"@triggerOutputs()?['body/ID']","item/Title":"@triggerOutputs()?['body/Title']","item/ApprovalStatus/Value":"Approved","item/Approvalhistory":"Approved by: @{triggerOutputs()?['body/Approver2/DisplayName']}\nComments: @{items('Apply_to_each_9')?['comments']}\nRespond date: @{outputs('Compose_-_complete_date_2')}\n\n👆\nApproved by: @{triggerOutputs()?['body/Manager/DisplayName']}\nComments: @{items('Apply_to_each_13')?['comments']}\nRespond date: @{outputs('Compose_-_complete_date_1')}\n\n👆\n@{outputs('Update_item_1')?['body/Approvalhistory']}","item/IncludedinCAPEXBudget":true,"item/AssignedTo":"@{triggerOutputs()?['body/Approver2/DisplayName']}\n👆\n@{triggerOutputs()?['body/AssignedTo']}"},"authentication":"@parameters('$authentication')"}}},"runAfter":{},"metadata":{"operationMetadataId":"a2865443-3845-412f-bb04-e2eb6d4f11e8"},"type":"Foreach"}},"runAfter":{},"metadata":{"operationMetadataId":"bb814911-4cd0-48bc-b1b4-16d57d637baf"},"type":"Foreach"}},"runAfter":{"Compose_-_complete_date_2":["Succeeded"]},"else":{"actions":{"Apply_to_each_10":{"foreach":"@outputs('Start_and_wait_for_an_approval_2')?['body/responses']","actions":{"Apply_to_each_16":{"foreach":"@outputs('Start_and_wait_for_an_approval_1')?['body/responses']","actions":{"Update_item_2_L3_2":{"runAfter":{},"metadata":{"operationMetadataId":"07d44ad0-8dc0-4924-a70b-f2eff28cee26"},"type":"OpenApiConnection","inputs":{"host":{"apiId":"/providers/Microsoft.PowerApps/apis/shared_sharepointonline","connectionName":"shared_sharepointonline","operationId":"PatchItem"},"parameters":{"dataset":"https://ingenicogroup.sharepoint.com/sites/SingaporeITTeam","table":"8ae8b957-6e9b-4a8c-a69a-2c7983b92071","id":"@triggerOutputs()?['body/ID']","item/Title":"@triggerOutputs()?['body/Title']","item/ApprovalStatus/Value":"Rejected","item/Approvalhistory":"Approved by: @{triggerOutputs()?['body/Approver2/DisplayName']}\nComments: @{items('Apply_to_each_10')?['comments']}\nRespond date: @{outputs('Compose_-_complete_date_2')}\n\n👆\nApproved by: @{triggerOutputs()?['body/Manager/DisplayName']}\nComments: @{items('Apply_to_each_16')?['comments']}\nRespond date: @{outputs('Compose_-_complete_date_1')}\n\n👆\n@{outputs('Update_item_1')?['body/Approvalhistory']}","item/IncludedinCAPEXBudget":true},"authentication":"@parameters('$authentication')"}}},"runAfter":{},"metadata":{"operationMetadataId":"a2865443-3845-412f-bb04-e2eb6d4f11e8"},"type":"Foreach"}},"runAfter":{},"metadata":{"operationMetadataId":"bb814911-4cd0-48bc-b1b4-16d57d637baf"},"type":"Foreach"},"Send_an_email_(V2)_2_Reject":{"runAfter":{"Apply_to_each_10":["Succeeded"]},"metadata":{"operationMetadataId":"02387783-3992-4156-8195-2db1e7d39309"},"type":"OpenApiConnection","inputs":{"host":{"apiId":"/providers/Microsoft.PowerApps/apis/shared_office365","connectionName":"shared_office365","operationId":"SendEmailV2"},"parameters":{"emailMessage/To":"@triggerOutputs()?['body/Author/Email']","emailMessage/Subject":"ID:@{triggerOutputs()?['body/ID']} @{triggerOutputs()?['body/ProductType/Value']} (@{triggerOutputs()?['body/TypeofRequest/Value']})>purchase request rejected","emailMessage/Body":"<p><span style=\"font-size: 9px\"><u><em><strong>This is an automated mail flow through MS PowerAutomate Flow.</strong></em></u></span><br>\n<br>\nThe purchase&nbsp;request was rejected<br>\n<br>\n👇<br>\n- **QuoteNo.** : @{triggerOutputs()?['body/QuotationNo_x002e_']}<br>\n- **User name**: &nbsp;@{triggerOutputs()?['body/Raisethisrequestonbehalfof']}<br>\n- **Purpose of the request**: @{triggerOutputs()?['body/DescriptionofProposedpurchase/Value']}<br>\n- Item request: &nbsp;@{triggerOutputs()?['body/ProductType/Value']} (@{triggerOutputs()?['body/TypeofRequest/Value']}) @{triggerOutputs()?['body/Quotes/Value']}<br>\n- Quantity: &nbsp;@{triggerOutputs()?['body/Quantity']}<br>\n- Total amount: SGD @{outputs('Compose-totalPrice-convertTofloat')}<br>\n- Justification/ Reason for the purchase: @{triggerOutputs()?['body/JustificationofthePurchase']}<br>\n<br>\n<br>\nPlease see the approval detail here<br>\n&gt; @{triggerOutputs()?['body/{Link}']}<br>\n</p>","emailMessage/Importance":"Normal"},"authentication":"@parameters('$authentication')"}}}},"expression":{"equals":["@outputs('Start_and_wait_for_an_approval_2')?['body/outcome']","Approve"]},"metadata":{"operationMetadataId":"ad62d114-4036-48d1-8d26-f0707359d72c"},"type":"If"},"Compose_-_complete_date_2":{"runAfter":{"Set_variable-varApproval-Completed-true_2":["Succeeded"]},"metadata":{"operationMetadataId":"f91c63ec-9626-4013-821d-195ff972e51b"},"type":"Compose","inputs":"@convertFromUtc(outputs('Start_and_wait_for_an_approval_2')?['body/completionDate'],'Singapore Standard Time','dd/MM/yyyy h:mm:ss tt')"},"Terminate_3":{"runAfter":{"Condition_7":["Succeeded"]},"metadata":{"operationMetadataId":"f935015e-37c5-453d-871d-03b626450ae9"},"type":"Terminate","inputs":{"runStatus":"Succeeded"}},"Apply_to_each_19":{"foreach":"@outputs('Start_and_wait_for_an_approval_1')?['body/responses']","actions":{"Update_item_Approve_2":{"runAfter":{},"metadata":{"operationMetadataId":"c9f08076-fadd-416e-84b7-943b847c225c"},"type":"OpenApiConnection","inputs":{"host":{"apiId":"/providers/Microsoft.PowerApps/apis/shared_sharepointonline","connectionName":"shared_sharepointonline","operationId":"PatchItem"},"parameters":{"dataset":"https://ingenicogroup.sharepoint.com/sites/SingaporeITTeam","table":"8ae8b957-6e9b-4a8c-a69a-2c7983b92071","id":"@triggerOutputs()?['body/ID']","item/Title":"@triggerOutputs()?['body/Title']","item/ApprovalStatus/Value":"Pending","item/Approvalhistory":"Approved by: @{triggerOutputs()?['body/Manager/DisplayName']}\nComments: @{items('Apply_to_each_19')?['comments']}\nRespond date: @{outputs('Compose_-_complete_date_1')}\n👆\n@{outputs('Update_item_1')?['body/Approvalhistory']}","item/IncludedinCAPEXBudget":true,"item/AssignedTo":"@triggerOutputs()?['body/Manager/DisplayName']"},"authentication":"@parameters('$authentication')"}}},"runAfter":{},"metadata":{"operationMetadataId":"61c042c1-c372-4249-915c-5a597605eddd"},"type":"Foreach"},"Start_and_wait_for_an_approval_2":{"runAfter":{"Apply_to_each_19":["Succeeded"]},"limit":{"timeout":"P14D"},"metadata":{"operationMetadataId":"22f331e8-349e-4769-ac77-235b96e3a2b3"},"type":"OpenApiConnectionWebhook","inputs":{"host":{"apiId":"/providers/Microsoft.PowerApps/apis/shared_approvals","connectionName":"shared_approvals","operationId":"StartAndWaitForAnApproval"},"parameters":{"approvalType":"Basic","WebhookApprovalCreationInput/title":"ID:@{triggerOutputs()?['body/ID']} Please review the purchase request: @{triggerOutputs()?['body/ProductType/Value']} (@{triggerOutputs()?['body/TypeofRequest/Value']})","WebhookApprovalCreationInput/assignedTo":"@{triggerOutputs()?['body/Approver2/Email']};","WebhookApprovalCreationInput/details":"\n- **User name**:  @{triggerOutputs()?['body/Raisethisrequestonbehalfof']}\n- **Purpose of the request**: @{triggerOutputs()?['body/DescriptionofProposedpurchase/Value']}\n- **Item request**:  @{triggerOutputs()?['body/ProductType/Value']} (@{triggerOutputs()?['body/TypeofRequest/Value']}) @{triggerOutputs()?['body/Quotes/Value']}\n- **Quantity**:  @{triggerOutputs()?['body/Quantity']}\n- **Total amount**:  SGD @{outputs('Compose-totalPrice-convertTofloat')}\n- **Justification/ Reason for the purchase**: @{triggerOutputs()?['body/JustificationofthePurchase']}\n\nThis purchase request has been pre-approved by @{triggerOutputs()?['body/Manager/DisplayName']}\nbut it isn't final until you approve it. Please respond to this request. \n\n\nNote: if you need more info> please access the above link > give a comment in the SharePoint comments section before you take action to approve.\n\nThanks","WebhookApprovalCreationInput/itemLink":"@triggerOutputs()?['body/{Link}']","WebhookApprovalCreationInput/itemLinkDescription":"see the detail in this SharePoint List => ID:@{triggerOutputs()?['body/ID']}, request item @{outputs('Get_item')?['body/ProductType/Value']} @{outputs('Get_item')?['body/TypeofRequest/Value']}","WebhookApprovalCreationInput/enableNotifications":true,"WebhookApprovalCreationInput/enableReassignment":true,"WebhookApprovalCreationInput/attachments":"@variables('varAttachments')"},"authentication":"@parameters('$authentication')"}},"Do_until_2":{"actions":{"Delay_2":{"runAfter":{},"metadata":{"operationMetadataId":"822c6a18-ddb3-47b7-95c9-2d628c2b0594"},"type":"Wait","inputs":{"interval":{"count":1,"unit":"Day"}}},"Condition_9":{"actions":{"Send_an_email_(V2)_reminder_2":{"runAfter":{},"metadata":{"operationMetadataId":"a6648045-3c61-46ac-b38f-31c339073e1b"},"type":"OpenApiConnection","inputs":{"host":{"apiId":"/providers/Microsoft.PowerApps/apis/shared_office365","connectionName":"shared_office365","operationId":"SendEmailV2"},"parameters":{"emailMessage/To":"@outputs('Update_item_1')?['body/Approver2/Email']","emailMessage/Subject":"ID:@{triggerOutputs()?['body/ID']} Friendly reminder of pending approval request submitted by @{triggerOutputs()?['body/Author/DisplayName']}","emailMessage/Body":"<p><span style=\"font-size: 10px\"><u><em><strong>This is an automated mail flow through MS PowerAutomate Flow.</strong></em></u></span><br>\n<br>\n<br>\nHi @{triggerOutputs()?['body/Approver2/DisplayName']}<br>\n<br>\nYou have 1 pending approval action.<br>\n<br>\nYou can either find the Approval email with ID:@{triggerOutputs()?['body/ID']} that was sent to you and Click on the Approve button.<br>\n<br>\n&lt;OR&gt;<br>\n<br>\nIn Microsoft Teams &gt; Activity(bell icon) &gt; find the ID:@{triggerOutputs()?['body/ID']} &gt; click on the Approve or Reject button.<br>\n<br>\n&lt;OR&gt;<br>\n<br>\nGo to <a href=\"https://make.powerautomate.com/environments/Default-143a5e19-140b-4632-b3ea-e71a15cddb8c/approvals/received\">PowerAutomateFlow</a>, find this approval there under Received, and approve it there.<br>\n<br>\n<br>\nRequest info&gt; @{triggerOutputs()?['body/{Link}']}<br>\n<br>\n<strong>Note:</strong> <u><em>These daily reminder emails will be sent until you have completed the approvals</em></u><br>\n</p>","emailMessage/Importance":"Normal"},"authentication":"@parameters('$authentication')"}}},"runAfter":{"Delay_2":["Succeeded"]},"expression":{"not":{"equals":["@variables('varApproval-Completed')","@false"]}},"metadata":{"operationMetadataId":"aba6e2c8-d6e4-484b-a383-040702b8443f"},"type":"If"}},"runAfter":{"Apply_to_each_19":["Succeeded"]},"expression":"@not(equals(variables('varApproval-Completed'), true))","limit":{"count":60,"timeout":"P14D"},"metadata":{"operationMetadataId":"1f167428-c59d-4f1d-a6b5-5078632533a0"},"type":"Until"},"Set_variable-varApproval-Completed-true_2":{"runAfter":{"Start_and_wait_for_an_approval_2":["Succeeded"]},"metadata":{"operationMetadataId":"af0b0ca2-c127-40b9-bab3-19cb77015580"},"type":"SetVariable","inputs":{"name":"varApproval-Completed","value":"@true"}}},"runAfter":{"Apply_to_each_8":["Succeeded"]},"else":{"actions":{"Terminate_2":{"runAfter":{"Send_an_email_(V2)_1_approve":["Succeeded"]},"metadata":{"operationMetadataId":"763af646-192a-413c-9718-9df6457469ee"},"type":"Terminate","inputs":{"runStatus":"Succeeded"}},"Apply_to_each_15":{"foreach":"@outputs('Start_and_wait_for_an_approval_1')?['body/responses']","actions":{"Update_item_L2_Approve_2":{"runAfter":{},"metadata":{"operationMetadataId":"c9f08076-fadd-416e-84b7-943b847c225c"},"type":"OpenApiConnection","inputs":{"host":{"apiId":"/providers/Microsoft.PowerApps/apis/shared_sharepointonline","connectionName":"shared_sharepointonline","operationId":"PatchItem"},"parameters":{"dataset":"https://ingenicogroup.sharepoint.com/sites/SingaporeITTeam","table":"8ae8b957-6e9b-4a8c-a69a-2c7983b92071","id":"@triggerOutputs()?['body/ID']","item/Title":"@triggerOutputs()?['body/Title']","item/ApprovalStatus/Value":"Approved","item/Approvalhistory":"Approved by: @{items('Apply_to_each_15')?['responder/displayName']}\nComments: @{items('Apply_to_each_15')?['comments']}\nRespond date: @{outputs('Compose_-_UTC_to_SST')}\n👆\n@{outputs('Update_item_1')?['body/Approvalhistory']}","item/IncludedinCAPEXBudget":true},"authentication":"@parameters('$authentication')"}}},"runAfter":{},"metadata":{"operationMetadataId":"61c042c1-c372-4249-915c-5a597605eddd"},"type":"Foreach"},"Send_an_email_(V2)_1_approve":{"runAfter":{"Apply_to_each_15":["Succeeded"]},"metadata":{"operationMetadataId":"870f7365-b95d-475a-8cc3-b451dc1e32b8"},"type":"OpenApiConnection","inputs":{"host":{"apiId":"/providers/Microsoft.PowerApps/apis/shared_office365","connectionName":"shared_office365","operationId":"SendEmailV2"},"parameters":{"emailMessage/To":"@variables('varMail-CC')","emailMessage/Subject":"ID:@{triggerOutputs()?['body/ID']} @{triggerOutputs()?['body/ProductType/Value']} (@{triggerOutputs()?['body/TypeofRequest/Value']}) >purchase request approved","emailMessage/Body":"<p><span style=\"font-size: 11px\"><u><em><strong>This is an automated mail flow through MS PowerAutomate Flow.</strong></em></u></span><br>\n<br>\nThe purchase&nbsp;request has been approved by @{triggerOutputs()?['body/Manager/DisplayName']}<br>\n<br>\n<br>\nwe will proceed to purchase.<br>\n<br>\n👇<br>\n- **QuoteNo.** : @{triggerOutputs()?['body/QuotationNo_x002e_']}<br>\n- **User name**: &nbsp;@{triggerOutputs()?['body/Raisethisrequestonbehalfof']}<br>\n- **Purpose of the request**: @{triggerOutputs()?['body/DescriptionofProposedpurchase/Value']}<br>\n- Item request: &nbsp;@{triggerOutputs()?['body/ProductType/Value']} (@{triggerOutputs()?['body/TypeofRequest/Value']}) @{triggerOutputs()?['body/Quotes/Value']}<br>\n- Quantity: &nbsp;@{triggerOutputs()?['body/Quantity']}<br>\n- Total amount: &nbsp;SGD @{outputs('Compose-totalPrice-convertTofloat')}<br>\n- Justification/ Reason for the purchase: @{triggerOutputs()?['body/JustificationofthePurchase']}<br>\n<br>\n<br>\n<br>\nPlease see the approval detail here<br>\n&gt; @{triggerOutputs()?['body/{Link}']}<br>\n</p>","emailMessage/Cc":"@triggerOutputs()?['body/Author/Email']","emailMessage/Importance":"Normal"},"authentication":"@parameters('$authentication')"}}}},"expression":{"greater":["@outputs('Compose-totalPrice-convertTofloat')",1000]},"metadata":{"operationMetadataId":"1b34a9f6-b98f-4986-9216-fb2cc80b800b"},"type":"If"},"Apply_to_each_8":{"foreach":"@outputs('Start_and_wait_for_an_approval_1')?['body/responses']","actions":{"Update_item_Approval_1":{"runAfter":{},"metadata":{"operationMetadataId":"c9f08076-fadd-416e-84b7-943b847c225c"},"type":"OpenApiConnection","inputs":{"host":{"apiId":"/providers/Microsoft.PowerApps/apis/shared_sharepointonline","connectionName":"shared_sharepointonline","operationId":"PatchItem"},"parameters":{"dataset":"https://ingenicogroup.sharepoint.com/sites/SingaporeITTeam","table":"8ae8b957-6e9b-4a8c-a69a-2c7983b92071","id":"@triggerOutputs()?['body/ID']","item/Title":"@triggerOutputs()?['body/Title']","item/ApprovalStatus/Value":"Pending","item/Approvalhistory":"Approved by: @{triggerOutputs()?['body/Manager/DisplayName']}\nComments: @{items('Apply_to_each_8')?['comments']}\nRespond date: @{outputs('Compose_-_complete_date_1')}\n👆\n@{outputs('Update_item_1')?['body/Approvalhistory']}","item/IncludedinCAPEXBudget":true},"authentication":"@parameters('$authentication')"}}},"runAfter":{},"metadata":{"operationMetadataId":"61c042c1-c372-4249-915c-5a597605eddd"},"type":"Foreach"}},"runAfter":{"Compose_-_complete_date_1":["Succeeded"]},"else":{"actions":{"Apply_to_each_7":{"foreach":"@outputs('Start_and_wait_for_an_approval_1')?['body/responses']","actions":{"Update_item_approval_reject":{"runAfter":{},"metadata":{"operationMetadataId":"07d44ad0-8dc0-4924-a70b-f2eff28cee26"},"type":"OpenApiConnection","inputs":{"host":{"apiId":"/providers/Microsoft.PowerApps/apis/shared_sharepointonline","connectionName":"shared_sharepointonline","operationId":"PatchItem"},"parameters":{"dataset":"https://ingenicogroup.sharepoint.com/sites/SingaporeITTeam","table":"8ae8b957-6e9b-4a8c-a69a-2c7983b92071","id":"@triggerOutputs()?['body/ID']","item/Title":"@triggerOutputs()?['body/Title']","item/ApprovalStatus/Value":"Rejected","item/Approvalhistory":"Rejected by: @{items('Apply_to_each_7')?['responder/displayName']}\nComments: @{items('Apply_to_each_7')?['comments']}\nRespond date: @{outputs('Compose_-_complete_date_1')}\n👆\n@{outputs('Update_item_1')?['body/Approvalhistory']}","item/IncludedinCAPEXBudget":true},"authentication":"@parameters('$authentication')"}}},"runAfter":{},"metadata":{"operationMetadataId":"5b057566-3c44-4763-ba54-f813cb3be9de"},"type":"Foreach"},"Send_an_email_(V2)_1_Reject":{"runAfter":{"Apply_to_each_7":["Succeeded"]},"metadata":{"operationMetadataId":"02387783-3992-4156-8195-2db1e7d39309"},"type":"OpenApiConnection","inputs":{"host":{"apiId":"/providers/Microsoft.PowerApps/apis/shared_office365","connectionName":"shared_office365","operationId":"SendEmailV2"},"parameters":{"emailMessage/To":"@triggerOutputs()?['body/Author/Email']","emailMessage/Subject":"ID:@{triggerOutputs()?['body/ID']}@{triggerOutputs()?['body/ProductType/Value']} (@{triggerOutputs()?['body/TypeofRequest/Value']}) >purchase request rejected","emailMessage/Body":"<p>Your purchase&nbsp;request was rejected<br>\n<br>\n👇<br>\n- QuoteNo. : @{triggerOutputs()?['body/QuotationNo_x002e_']}<br>\n- User name: &nbsp;@{triggerOutputs()?['body/Raisethisrequestonbehalfof']}<br>\n- Item request: &nbsp;@{triggerOutputs()?['body/ProductType/Value']} (@{triggerOutputs()?['body/TypeofRequest/Value']}) @{triggerOutputs()?['body/Quotes/Value']}<br>\n- Quantity: &nbsp;@{triggerOutputs()?['body/Quantity']}<br>\n- Total amount: &nbsp;SGD @{outputs('Compose-totalPrice-convertTofloat')}<br>\n- Justification/ Reason for the purchase: @{triggerOutputs()?['body/JustificationofthePurchase']}<br>\n<br>\n<br>\n<br>\nPlease see the approval detail here<br>\n&gt; @{triggerOutputs()?['body/{Link}']}<br>\n</p>","emailMessage/Importance":"Normal"},"authentication":"@parameters('$authentication')"}}}},"expression":{"equals":["@outputs('Start_and_wait_for_an_approval_1')?['body/outcome']","Approve"]},"metadata":{"operationMetadataId":"d55c0312-145a-4e1a-b841-0e15551a37cf"},"type":"If"}},"runAfter":{"Compose_-_UTC_to_SST":["Succeeded"]},"expression":{"equals":["@triggerOutputs()?['body/Approver0/DisplayName']","@null"]},"metadata":{"operationMetadataId":"6fa13ceb-15f8-4ed6-8d59-f0ae945fddd3"},"type":"If"}}},"connectionReferences":{"shared_sharepointonline":{"connectionName":"shared-sharepointonl-dbb7d233-d942-445a-b1c0-08bd05707e63","source":"Embedded","id":"/providers/Microsoft.PowerApps/apis/shared_sharepointonline","tier":"NotSpecified","apiName":"sharepointonline"},"shared_office365":{"connectionName":"shared-office365-661b205d-a8a5-42c9-be28-7112e32e975f","source":"Embedded","id":"/providers/Microsoft.PowerApps/apis/shared_office365","tier":"NotSpecified","apiName":"office365"},"shared_approvals":{"connectionName":"shared-approvals-6b8b501e-d6c9-408c-b709-d70966665d0b","source":"Embedded","id":"/providers/Microsoft.PowerApps/apis/shared_approvals","tier":"NotSpecified","apiName":"approvals"}},"flowFailureAlertSubscribed":false,"isManaged":false}}