{"name":"27a05ae3-8c7b-40a7-b3e1-bcc6984efdd4","id":"/providers/Microsoft.Flow/flows/27a05ae3-8c7b-40a7-b3e1-bcc6984efdd4","type":"Microsoft.Flow/flows","properties":{"apiId":"/providers/Microsoft.PowerApps/apis/shared_logicflows","displayName":"Wifi Guest When an item is created or modified -> HTTP,Compose","definition":{"metadata":{"workflowEntityId":null,"processAdvisorMetadata":null,"flowChargedByPaygo":null,"flowclientsuspensionreason":"None","flowclientsuspensiontime":null,"flowclientsuspensionreasondetails":null,"creator":{"id":"515ab4e7-6179-47a9-8e25-78de835f7740","type":"User","tenantId":"143a5e19-140b-4632-b3ea-e71a15cddb8c"},"provisioningMethod":"FromDefinition","failureAlertSubscription":true,"clientLastModifiedTime":"2024-12-10T03:42:52.1805416Z","connectionKeySavedTimeKey":"2024-12-10T03:42:52.1805416Z"},"$schema":"https://schema.management.azure.com/providers/Microsoft.Logic/schemas/2016-06-01/workflowdefinition.json#","contentVersion":"1.0.0.0","parameters":{"$connections":{"defaultValue":{},"type":"Object"},"$authentication":{"defaultValue":{},"type":"SecureObject"}},"triggers":{"When_an_item_is_created_or_modified":{"recurrence":{"interval":1,"frequency":"Minute"},"splitOn":"@triggerOutputs()?['body/value']","metadata":{"operationMetadataId":"2f5c2372-fe0c-43f8-9e7f-a1ff2a921f1e"},"type":"OpenApiConnection","inputs":{"host":{"apiId":"/providers/Microsoft.PowerApps/apis/shared_sharepointonline","connectionName":"shared_sharepointonline","operationId":"GetOnUpdatedItems"},"parameters":{"dataset":"https://ingenicogroup.sharepoint.com/sites/SingaporeITTeam","table":"4ad87960-b363-4b9a-bdb7-d5e5f7f8b3d5"},"authentication":"@parameters('$authentication')"}}},"actions":{"HTTP":{"runAfter":{"Compose":["Succeeded"]},"metadata":{"operationMetadataId":"11bbbe49-801f-45ad-9cbd-fa9719f47530"},"type":"Http","inputs":{"method":"GET","uri":"https://api.qrserver.com/v1/create-qr-code/?size=150x150&data=@{outputs('Compose')}"}},"Compose":{"runAfter":{},"metadata":{"operationMetadataId":"a3ee8aba-f908-4485-bd1a-f18b7eaaa391"},"type":"Compose","inputs":"www.google.com"},"Create_file":{"runAfter":{"HTTP":["Succeeded"]},"metadata":{"operationMetadataId":"90ff4f54-9c9d-4846-9164-0dc6fdc89db7"},"type":"OpenApiConnection","inputs":{"host":{"apiId":"/providers/Microsoft.PowerApps/apis/shared_sharepointonline","connectionName":"shared_sharepointonline","operationId":"CreateFile"},"parameters":{"dataset":"https://ingenicogroup.sharepoint.com/sites/SingaporeITTeam","folderPath":"/Documents partages/General/Wifi Guest Flow","name":"QR.png","body":"@base64ToBinary(body('HTTP')['$content'])"},"authentication":"@parameters('$authentication')"},"runtimeConfiguration":{"contentTransfer":{"transferMode":"Chunked"}}}},"outputs":{}},"connectionReferences":{"shared_sharepointonline":{"connectionName":"shared-sharepointonl-dbb7d233-d942-445a-b1c0-08bd05707e63","source":"Embedded","id":"/providers/Microsoft.PowerApps/apis/shared_sharepointonline","tier":"NotSpecified","apiName":"sharepointonline"}},"flowFailureAlertSubscribed":false,"isManaged":false}}