{"schemaVersion":"1.0","appDefinitionTemplate":{"id":"/providers/Microsoft.PowerApps/apps/","type":"Microsoft.PowerApps/apps","tags":{"primaryDeviceWidth":"1366","primaryDeviceHeight":"768","supportsPortrait":"true","supportsLandscape":"true","primaryFormFactor":"Tablet","publisherVersion":"3.23082.20","minimumRequiredApiVersion":"2.2.0","hasComponent":"false","hasUnlockedComponent":"false","isUnifiedRootApp":"false","sienaVersion":"20230828T060942Z-3.23082.20.0","showStatusBar":"false"},"properties":{"appVersion":"2023-08-28T06:09:42Z","lifeCycleId":"Published","createdByClientVersion":{"major":3,"minor":23082,"build":20,"revision":0,"majorRevision":0,"minorRevision":0},"minClientVersion":{"major":3,"minor":23082,"build":20,"revision":0,"majorRevision":0,"minorRevision":0},"backgroundColor":"rgba(0, 0, 0, 1)","backgroundImageUri":"/7396300932079108148/N54154817-4af3-4bb1-b615-2d3f68050037-logoSmallFile","displayName":"WiFi Guest","description":"This app is to request a Guest Wi-Fi password. especially for External guest but internal staff as well can request Wi-Fi password for their personal devices- phones/laptops.","commitMessage":"","appUris":{"documentUri":{"value":"/7396300932079108148/N6143aa18-0311-4f4e-82cc-af5cf2b48022-document.msapp"},"imageUris":[],"additionalUris":[]},"createdTime":"0001-01-01T00:00:00Z","lastModifiedTime":"0001-01-01T00:00:00Z","sharedGroupsCount":0,"sharedUsersCount":0,"connectionReferences":{"7dbd8094-5eea-433c-82b6-0c382d35784c":{"id":"984ee24f-b7c5-4797-a6bf-ea693bd2210d","displayName":"SharePoint","iconUri":"https://connectoricons-prod.azureedge.net/u/shgogna/globalperconnector-train1/1.0.1639.3312/sharepointonline/icon.png","dataSources":["WiFi Guest Password","WiFi Guest Request"],"dependencies":[],"dependents":[],"parameterHints":{},"parameterHintsV2":{},"isOnPremiseConnection":false,"bypassConsent":false,"dataSets":{"https://ingenicogroup.sharepoint.com/sites/SingaporeITTeam":{"dataSources":{"WiFi Guest Password":{"tableName":"4ad87960-b363-4b9a-bdb7-d5e5f7f8b3d5"},"WiFi Guest Request":{"tableName":"d22b2f3e-bb72-44c7-a87f-5b404fadfdc1"}}}},"apiTier":"Standard","isCustomApiConnection":false,"actions":["providers/PowerPlatform.Governance/Operations/Read","providers/PowerPlatform.Governance/Operations/Write","providers/PowerPlatform.Governance/Operations/Delete"]},"8fd4207e-2418-49bd-80dd-abe6660fb038":{"id":"15fc66f8-5930-46d4-b14c-66ee33ca1552","displayName":"Office 365 Users","iconUri":"https://connectoricons-prod.azureedge.net/releases/v1.0.1649/1.0.1649.3368/office365users/icon.png","dataSources":["Office365Users"],"dependencies":[],"dependents":[],"parameterHints":{},"parameterHintsV2":{},"isOnPremiseConnection":false,"bypassConsent":false,"dataSets":{},"apiTier":"Standard","isCustomApiConnection":false,"actions":["SearchUser"]}},"databaseReferences":{},"almMode":"Environment","performanceOptimizationEnabled":true,"canConsumeAppPass":true,"enableModernRuntimeMode":false,"executionRestrictions":{"isTeamsOnly":false,"dataLossPreventionEvaluationResult":{"status":"Compliant","lastEvaluationDate":"2023-07-05T14:50:46.9553091Z","violations":[],"violationsByPolicy":[],"violationErrorMessage":"The app uses the following connectors: shared_sharepointonline."}}},"appType":"ClassicCanvasApp","appComponents":[]}}