{"name":"66785815-f23e-4230-b206-5cde48fad847","id":"/providers/Microsoft.Flow/flows/66785815-f23e-4230-b206-5cde48fad847","type":"Microsoft.Flow/flows","properties":{"apiId":"/providers/Microsoft.PowerApps/apis/shared_logicflows","displayName":"Submit a laptop request for approval","definition":{"metadata":{"workflowEntityId":null,"processAdvisorMetadata":null,"flowChargedByPaygo":null,"flowclientsuspensionreason":"None","flowclientsuspensiontime":null,"flowclientsuspensionreasondetails":null,"creator":{"id":"515ab4e7-6179-47a9-8e25-78de835f7740","type":"User","tenantId":"143a5e19-140b-4632-b3ea-e71a15cddb8c"},"provisioningMethod":"FromDefinition","failureAlertSubscription":true,"clientLastModifiedTime":"2024-01-05T08:52:23.0220982Z","connectionKeySavedTimeKey":"2025-01-03T19:42:43.0268494Z"},"$schema":"https://schema.management.azure.com/providers/Microsoft.Logic/schemas/2016-06-01/workflowdefinition.json#","contentVersion":"1.0.0.0","parameters":{"$connections":{"defaultValue":{},"type":"Object"},"$authentication":{"defaultValue":{},"type":"SecureObject"}},"triggers":{"When_a_new_item_is_created":{"recurrence":{"frequency":"Minute","interval":1},"splitOn":"@triggerOutputs()?['body/value']","metadata":{"operationMetadataId":"4f2f7dae-77ee-43f9-ba21-00679f5de8b4"},"type":"OpenApiConnection","inputs":{"host":{"apiId":"/providers/Microsoft.PowerApps/apis/shared_sharepointonline","connectionName":"shared_sharepointonline","operationId":"GetOnNewItems"},"parameters":{"dataset":"https://ingenicogroup.sharepoint.com/sites/SingaporeITTeam","table":"50dae9d9-25b9-416c-838f-d074a9773405"},"authentication":"@parameters('$authentication')"}}},"actions":{"Update_item":{"runAfter":{"Get_items":["Succeeded"]},"metadata":{"operationMetadataId":"3fc1f80b-ec17-4205-a998-17c43535475f"},"type":"OpenApiConnection","inputs":{"host":{"apiId":"/providers/Microsoft.PowerApps/apis/shared_sharepointonline","connectionName":"shared_sharepointonline","operationId":"PatchItem"},"parameters":{"dataset":"https://ingenicogroup.sharepoint.com/sites/SingaporeITTeam","table":"50dae9d9-25b9-416c-838f-d074a9773405","id":"@triggerOutputs()?['body/ID']","item/Title":""},"authentication":"@parameters('$authentication')"}},"Apply_to_each":{"foreach":"@outputs('Start_and_wait_for_an_approval')?['body/responses']","actions":{"Condition":{"actions":{"Inform_item_creator_of_approval":{"runAfter":{},"metadata":{"operationMetadataId":"45357559-a200-42cf-bf78-a96b1ffb22ef"},"type":"OpenApiConnection","inputs":{"host":{"apiId":"/providers/Microsoft.PowerApps/apis/shared_office365","connectionName":"shared_office365","operationId":"SendEmailV2"},"parameters":{"emailMessage/To":"@triggerOutputs()?['body/Author/Email']","emailMessage/Subject":"Item: RowID:@{triggerOutputs()?['body/ID']} @{triggerOutputs()?['body/ProductName']} approved","emailMessage/Body":"Your request for @{triggerOutputs()?['body/ProductName']} has been approved by @{items('Apply_to_each')?['responder/displayName']}. Comments (if any): @{items('Apply_to_each')?['comments']}\n\n\n","emailMessage/Importance":"Normal"},"authentication":"@parameters('$authentication')"}},"Tag_as_Approved_in_the_SharePoint_list":{"runAfter":{"Inform_IT_To_proceed_to_place_order":["Succeeded"]},"metadata":{"operationMetadataId":"908ca59e-df7c-402c-9063-de93f29a0f52"},"type":"OpenApiConnection","inputs":{"host":{"apiId":"/providers/Microsoft.PowerApps/apis/shared_sharepointonline","connectionName":"shared_sharepointonline","operationId":"PatchItem"},"parameters":{"dataset":"https://ingenicogroup.sharepoint.com/sites/SingaporeITTeam","table":"50dae9d9-25b9-416c-838f-d074a9773405","id":"@triggerOutputs()?['body/ID']","item/Title":"","item/Status/Value":"Approved"},"authentication":"@parameters('$authentication')"}},"Inform_IT_To_proceed_to_place_order":{"runAfter":{"Inform_item_creator_of_approval":["Succeeded"]},"metadata":{"operationMetadataId":"45357559-a200-42cf-bf78-a96b1ffb22ef"},"type":"OpenApiConnection","inputs":{"host":{"apiId":"/providers/Microsoft.PowerApps/apis/shared_office365","connectionName":"shared_office365","operationId":"SendEmailV2"},"parameters":{"emailMessage/To":"gweaw.saw@ingenico.com","emailMessage/Subject":"Item: RowID:@{triggerOutputs()?['body/ID']} @{triggerOutputs()?['body/ProductName']} approved","emailMessage/Body":"Laptop request for @{triggerOutputs()?['body/RequestedByName/DisplayName']}, @{triggerOutputs()?['body/ProductName']} has been approved by @{items('Apply_to_each')?['responder/displayName']}. Comments (if any): @{items('Apply_to_each')?['comments']}\n\nPlease proceed to place the order now.\n\n\n","emailMessage/Importance":"Normal"},"authentication":"@parameters('$authentication')"}}},"runAfter":{},"else":{"actions":{"Inform_item_creator_of_rejection":{"runAfter":{},"metadata":{"operationMetadataId":"3a283d98-196d-4df6-bdf3-99d9ddd36bad"},"type":"OpenApiConnection","inputs":{"host":{"apiId":"/providers/Microsoft.PowerApps/apis/shared_office365","connectionName":"shared_office365","operationId":"SendEmailV2"},"parameters":{"emailMessage/To":"@triggerOutputs()?['body/Author/Email']","emailMessage/Subject":"Item: @{triggerOutputs()?['body/Title']} rejected","emailMessage/Body":"Your request for @{triggerOutputs()?['body/Title']} has been rejected by @{items('Apply_to_each')?['responder/displayName']}. Comments (if any): @{items('Apply_to_each')?['comments']}","emailMessage/Importance":"Normal"},"authentication":"@parameters('$authentication')"}},"Tag_as_Rejected_in_the_SharePoint_list":{"runAfter":{"Inform_item_creator_of_rejection":["Succeeded"]},"metadata":{"operationMetadataId":"e786c128-c05f-4d96-95d7-9dc92cc3f406"},"type":"OpenApiConnection","inputs":{"host":{"apiId":"/providers/Microsoft.PowerApps/apis/shared_sharepointonline","connectionName":"shared_sharepointonline","operationId":"PatchItem"},"parameters":{"dataset":"https://ingenicogroup.sharepoint.com/sites/SingaporeITTeam","table":"50dae9d9-25b9-416c-838f-d074a9773405","id":"@outputs('Update_item')?['body/ID']","item/Title":"","item/Status/Value":"Rejected"},"authentication":"@parameters('$authentication')"}}}},"expression":{"equals":["@items('Apply_to_each')?['approverResponse']","Approve"]},"metadata":{"operationMetadataId":"c3180ac1-32fd-4eff-89c1-bdcc49ba9fcd"},"type":"If"}},"runAfter":{"Start_and_wait_for_an_approval":["Succeeded"]},"metadata":{"operationMetadataId":"5d9390aa-b8e2-4344-9445-4a5bf0c53287"},"type":"Foreach"},"Get_items":{"runAfter":{},"metadata":{"operationMetadataId":"e1fe206f-37ec-4064-806d-411c3e971c9a"},"type":"OpenApiConnection","inputs":{"host":{"apiId":"/providers/Microsoft.PowerApps/apis/shared_sharepointonline","connectionName":"shared_sharepointonline_1","operationId":"GetItems"},"parameters":{"dataset":"https://ingenicogroup.sharepoint.com/sites/SingaporeITTeam","table":"50dae9d9-25b9-416c-838f-d074a9773405"},"authentication":"@parameters('$authentication')"}},"Start_and_wait_for_an_approval":{"runAfter":{"Update_item":["Succeeded"]},"metadata":{"operationMetadataId":"8541b6e6-44bd-442e-93e8-45de9b911c8a"},"type":"OpenApiConnectionWebhook","inputs":{"host":{"apiId":"/providers/Microsoft.PowerApps/apis/shared_approvals","connectionName":"shared_approvals","operationId":"StartAndWaitForAnApproval"},"parameters":{"approvalType":"Basic","WebhookApprovalCreationInput/title":"FlowID: @{triggerBody()?['ID']} Please review: @{triggerOutputs()?['body/Title']}","WebhookApprovalCreationInput/assignedTo":"@triggerBody()?['ManagerName']?['Email']","WebhookApprovalCreationInput/details":"@{triggerOutputs()?['body/Author/DisplayName']} at @{triggerOutputs()?['body/Created']}\n\n|                 |   |\n|-----------------|---|\n| **Requester**   | @{triggerBody()?['RequestedByName']?['DisplayName']}  |\n| **ProductName** |  @{triggerBody()?['ProductName']} |\n| **Price**       | @{triggerBody()?['Price']}  |\n| **Reason**      |  @{triggerBody()?['Justification']} |\n","WebhookApprovalCreationInput/itemLink":"@{triggerOutputs()?['body/{Link}']}","WebhookApprovalCreationInput/itemLinkDescription":"@triggerOutputs()?['body/{Name}']","WebhookApprovalCreationInput/enableNotifications":true,"WebhookApprovalCreationInput/enableReassignment":true},"authentication":"@parameters('$authentication')"}}},"outputs":{}},"connectionReferences":{"shared_sharepointonline":{"connectionName":"6e39e9c993db469aa531632a6d2132f7","source":"Embedded","id":"/providers/Microsoft.PowerApps/apis/shared_sharepointonline","tier":"NotSpecified","apiName":"sharepointonline"},"shared_office365":{"connectionName":"shared-office365-661b205d-a8a5-42c9-be28-7112e32e975f","source":"Embedded","id":"/providers/Microsoft.PowerApps/apis/shared_office365","tier":"NotSpecified","apiName":"office365"},"shared_sharepointonline_1":{"connectionName":"2fbd956fc89143fdbbc4238f25146c61","source":"Embedded","id":"/providers/Microsoft.PowerApps/apis/shared_sharepointonline","tier":"NotSpecified","apiName":"sharepointonline"},"shared_approvals":{"connectionName":"shared-approvals-6b8b501e-d6c9-408c-b709-d70966665d0b","source":"Embedded","id":"/providers/Microsoft.PowerApps/apis/shared_approvals","tier":"NotSpecified","apiName":"approvals"}},"flowFailureAlertSubscribed":false,"isManaged":false}}